loan_id,doc_type,doc_status,file_hash_md5,last_verified_at
LN-10001,PROMISSORY_NOTE,AVAILABLE,md5-18976593,2026-06-03
LN-10001,TITLE_POLICY,AVAILABLE,md5-61955598,2026-07-02
LN-10002,PROMISSORY_NOTE,AVAILABLE,md5-31770432,2026-08-02
LN-10002,TITLE_POLICY,AVAILABLE,md5-86167096,2026-08-11
LN-10003,PROMISSORY_NOTE,AVAILABLE,md5-37249427,2026-08-06
LN-10003,TITLE_POLICY,AVAILABLE,md5-66344543,2026-06-20
LN-10004,PROMISSORY_NOTE,AVAILABLE,md5-11877988,2026-06-18
LN-10004,TITLE_POLICY,AVAILABLE,md5-17499695,2026-07-06
LN-10005,PROMISSORY_NOTE,AVAILABLE,md5-64473983,2026-06-11
LN-10005,TITLE_POLICY,AVAILABLE,md5-59469218,2026-05-06
LN-10006,PROMISSORY_NOTE,AVAILABLE,md5-66060603,2026-05-06
LN-10006,TITLE_POLICY,AVAILABLE,md5-62781957,2026-06-24
LN-10007,PROMISSORY_NOTE,AVAILABLE,md5-15446471,2026-07-03
LN-10007,TITLE_POLICY,AVAILABLE,md5-41389215,2026-05-24
LN-10008,PROMISSORY_NOTE,AVAILABLE,md5-62881948,2026-08-02
LN-10008,TITLE_POLICY,AVAILABLE,md5-21289411,2026-06-09
LN-10009,PROMISSORY_NOTE,AVAILABLE,md5-78738936,2026-05-11
LN-10009,TITLE_POLICY,AVAILABLE,md5-62843719,2026-07-06
LN-10010,PROMISSORY_NOTE,AVAILABLE,md5-58542593,2026-08-14
LN-10010,TITLE_POLICY,AVAILABLE,md5-50694371,2026-06-08
LN-10011,PROMISSORY_NOTE,AVAILABLE,md5-48512397,2026-05-14
LN-10011,TITLE_POLICY,AVAILABLE,md5-44190049,2026-07-14
LN-10012,PROMISSORY_NOTE,AVAILABLE,md5-98050465,2026-08-17
LN-10012,TITLE_POLICY,AVAILABLE,md5-69186698,2026-06-27
LN-10013,PROMISSORY_NOTE,AVAILABLE,md5-62548420,2026-07-27
LN-10013,TITLE_POLICY,AVAILABLE,md5-51093383,2026-06-05
LN-10014,PROMISSORY_NOTE,AVAILABLE,md5-35308700,2026-05-22
LN-10014,TITLE_POLICY,AVAILABLE,md5-40161371,2026-06-10
LN-10016,PROMISSORY_NOTE,AVAILABLE,md5-65946279,2026-07-08
LN-10016,TITLE_POLICY,AVAILABLE,md5-11145701,2026-07-14
LN-10017,PROMISSORY_NOTE,AVAILABLE,md5-96868831,2026-06-05
LN-10017,TITLE_POLICY,AVAILABLE,md5-60590529,2026-07-31
LN-10018,PROMISSORY_NOTE,AVAILABLE,md5-70883220,2026-07-28
LN-10018,TITLE_POLICY,AVAILABLE,md5-27377943,2026-05-05
LN-10019,PROMISSORY_NOTE,AVAILABLE,md5-32675186,2026-07-03
LN-10019,TITLE_POLICY,AVAILABLE,md5-28077736,2026-06-27
LN-10020,PROMISSORY_NOTE,AVAILABLE,md5-25766710,2026-08-10
LN-10020,TITLE_POLICY,AVAILABLE,md5-49663715,2026-08-03
LN-10021,PROMISSORY_NOTE,AVAILABLE,md5-44323019,2026-07-25
LN-10021,TITLE_POLICY,AVAILABLE,md5-65154850,2026-05-28
LN-10022,PROMISSORY_NOTE,AVAILABLE,md5-28447613,2026-05-07
LN-10022,TITLE_POLICY,AVAILABLE,md5-56106831,2026-05-30
LN-10023,PROMISSORY_NOTE,AVAILABLE,md5-84464701,2026-05-24
LN-10023,TITLE_POLICY,AVAILABLE,md5-53025024,2026-07-18
LN-10024,PROMISSORY_NOTE,AVAILABLE,md5-30307891,2026-08-09
LN-10024,TITLE_POLICY,AVAILABLE,md5-79080131,2026-05-05
LN-10025,PROMISSORY_NOTE,AVAILABLE,md5-78885653,2026-06-01
LN-10025,TITLE_POLICY,AVAILABLE,md5-15273520,2026-06-14
LN-10026,PROMISSORY_NOTE,AVAILABLE,md5-76168307,2026-06-06
LN-10026,TITLE_POLICY,AVAILABLE,md5-92906190,2026-08-09
LN-10027,PROMISSORY_NOTE,AVAILABLE,md5-93587401,2026-06-30
LN-10027,TITLE_POLICY,AVAILABLE,md5-29799652,2026-06-01
LN-10028,PROMISSORY_NOTE,AVAILABLE,md5-42225955,2026-05-21
LN-10028,TITLE_POLICY,AVAILABLE,md5-51759819,2026-05-08
LN-10029,PROMISSORY_NOTE,AVAILABLE,md5-21359569,2026-05-29
LN-10029,TITLE_POLICY,AVAILABLE,md5-90636015,2026-06-09
LN-10020,PROMISSORY_NOTE,AVAILABLE,md5-61038473,2026-07-19
LN-10020,TITLE_POLICY,AVAILABLE,md5-39608852,2026-07-27
LN-10031,PROMISSORY_NOTE,AVAILABLE,md5-85122416,2026-07-09
LN-10031,TITLE_POLICY,AVAILABLE,md5-42134668,2026-04-30
LN-10032,PROMISSORY_NOTE,AVAILABLE,md5-27982209,2026-05-21
LN-10032,TITLE_POLICY,AVAILABLE,md5-47813626,2026-06-24
LN-10033,PROMISSORY_NOTE,AVAILABLE,md5-35052945,2026-04-30
LN-10033,TITLE_POLICY,AVAILABLE,md5-59074470,2026-05-28
LN-10034,PROMISSORY_NOTE,AVAILABLE,md5-17731369,2026-07-06
LN-10034,TITLE_POLICY,AVAILABLE,md5-81354003,2026-07-22
LN-10035,PROMISSORY_NOTE,AVAILABLE,md5-40187291,2026-07-21
LN-10035,TITLE_POLICY,AVAILABLE,md5-44996204,2026-07-27
LN-10036,PROMISSORY_NOTE,AVAILABLE,md5-14661983,2026-05-10
LN-10036,TITLE_POLICY,AVAILABLE,md5-42331122,2026-08-12
LN-10037,PROMISSORY_NOTE,AVAILABLE,md5-20560999,2026-05-23
LN-10037,TITLE_POLICY,AVAILABLE,md5-59102796,2026-05-05
LN-10038,PROMISSORY_NOTE,AVAILABLE,md5-99719331,2026-06-15
LN-10038,TITLE_POLICY,AVAILABLE,md5-77042862,2026-07-01
LN-10039,PROMISSORY_NOTE,AVAILABLE,md5-13756676,2026-07-05
LN-10039,TITLE_POLICY,AVAILABLE,md5-45846358,2026-07-05
LN-10040,PROMISSORY_NOTE,AVAILABLE,md5-72666858,2026-05-14
LN-10040,TITLE_POLICY,AVAILABLE,md5-62399178,2026-05-25
LN-10041,PROMISSORY_NOTE,AVAILABLE,md5-85660611,2026-05-27
LN-10041,TITLE_POLICY,AVAILABLE,md5-46045914,2026-06-19
LN-10042,PROMISSORY_NOTE,AVAILABLE,md5-54402602,2026-05-12
LN-10042,TITLE_POLICY,AVAILABLE,md5-70871955,2026-07-01
LN-10043,PROMISSORY_NOTE,AVAILABLE,md5-88762521,2026-05-22
LN-10043,TITLE_POLICY,AVAILABLE,md5-46004061,2026-05-21
LN-10044,PROMISSORY_NOTE,AVAILABLE,md5-95325945,2026-07-10
LN-10044,TITLE_POLICY,AVAILABLE,md5-36758764,2026-07-06
LN-10045,PROMISSORY_NOTE,AVAILABLE,md5-42202747,2026-06-27
LN-10045,TITLE_POLICY,AVAILABLE,md5-59757038,2026-06-10
LN-10046,PROMISSORY_NOTE,AVAILABLE,md5-73376018,2026-05-04
LN-10046,TITLE_POLICY,AVAILABLE,md5-46353477,2026-07-02
LN-10047,PROMISSORY_NOTE,AVAILABLE,md5-61896522,2026-05-20
LN-10047,TITLE_POLICY,AVAILABLE,md5-89812200,2026-05-14
LN-10048,PROMISSORY_NOTE,AVAILABLE,md5-77483298,2026-07-04
LN-10048,TITLE_POLICY,AVAILABLE,md5-18533850,2026-06-27
LN-10049,PROMISSORY_NOTE,AVAILABLE,md5-38000735,2026-04-28
LN-10049,TITLE_POLICY,AVAILABLE,md5-47628906,2026-08-05
LN-10050,PROMISSORY_NOTE,AVAILABLE,md5-20613757,2026-07-30
LN-10050,TITLE_POLICY,AVAILABLE,md5-56071248,2026-07-16
LN-10051,PROMISSORY_NOTE,AVAILABLE,md5-59652384,2026-08-19
LN-10051,TITLE_POLICY,AVAILABLE,md5-81871771,2026-05-24
LN-10052,PROMISSORY_NOTE,AVAILABLE,md5-11062915,2026-06-09
LN-10052,TITLE_POLICY,AVAILABLE,md5-54565710,2026-05-06
LN-10053,PROMISSORY_NOTE,AVAILABLE,md5-92990227,2026-07-13
LN-10053,TITLE_POLICY,AVAILABLE,md5-78188722,2026-08-10
LN-10054,PROMISSORY_NOTE,AVAILABLE,md5-55860921,2026-07-29
LN-10054,TITLE_POLICY,AVAILABLE,md5-63566423,2026-06-06
LN-10055,PROMISSORY_NOTE,AVAILABLE,md5-29138827,2026-07-11
LN-10055,TITLE_POLICY,AVAILABLE,md5-59823728,2026-06-09
LN-10056,PROMISSORY_NOTE,AVAILABLE,md5-61175454,2026-07-02
LN-10056,TITLE_POLICY,AVAILABLE,md5-50545437,2026-05-05
LN-10057,PROMISSORY_NOTE,AVAILABLE,md5-69952950,2026-07-29
LN-10057,TITLE_POLICY,AVAILABLE,md5-25145352,2026-05-04
LN-10058,PROMISSORY_NOTE,AVAILABLE,md5-42149055,2026-08-20
LN-10058,TITLE_POLICY,AVAILABLE,md5-70827518,2026-05-02
LN-10059,PROMISSORY_NOTE,AVAILABLE,md5-47068773,2026-08-04
LN-10059,TITLE_POLICY,AVAILABLE,md5-42158208,2026-07-05
LN-10060,PROMISSORY_NOTE,AVAILABLE,md5-88987309,2026-08-06
LN-10060,TITLE_POLICY,AVAILABLE,md5-45660991,2026-07-29
LN-10061,PROMISSORY_NOTE,AVAILABLE,md5-61647782,2026-08-06
LN-10061,TITLE_POLICY,AVAILABLE,md5-48374892,2026-08-15
LN-10062,PROMISSORY_NOTE,AVAILABLE,md5-99616888,2026-07-19
LN-10062,TITLE_POLICY,AVAILABLE,md5-97330798,2026-06-13
LN-10063,PROMISSORY_NOTE,AVAILABLE,md5-88318891,2026-07-27
LN-10063,TITLE_POLICY,AVAILABLE,md5-43260813,2026-05-12
LN-10064,PROMISSORY_NOTE,AVAILABLE,md5-31127637,2026-06-29
LN-10064,TITLE_POLICY,AVAILABLE,md5-25615418,2026-07-14
LN-10065,PROMISSORY_NOTE,AVAILABLE,md5-52511436,2026-04-30
LN-10065,TITLE_POLICY,AVAILABLE,md5-51466066,2026-07-25
LN-10066,PROMISSORY_NOTE,AVAILABLE,md5-17494253,2026-06-25
LN-10066,TITLE_POLICY,AVAILABLE,md5-86043905,2026-06-30
LN-10067,PROMISSORY_NOTE,AVAILABLE,md5-39529338,2026-05-29
LN-10067,TITLE_POLICY,AVAILABLE,md5-71457996,2026-07-24
LN-10068,PROMISSORY_NOTE,AVAILABLE,md5-23992174,2026-05-26
LN-10068,TITLE_POLICY,AVAILABLE,md5-12425579,2026-08-18
LN-10069,PROMISSORY_NOTE,AVAILABLE,md5-81693460,2026-05-31
LN-10069,TITLE_POLICY,AVAILABLE,md5-26372136,2026-06-19
LN-10070,PROMISSORY_NOTE,AVAILABLE,md5-81246829,2026-05-08
LN-10070,TITLE_POLICY,AVAILABLE,md5-57817462,2026-07-31
LN-10071,PROMISSORY_NOTE,AVAILABLE,md5-29070828,2026-08-06
LN-10071,TITLE_POLICY,AVAILABLE,md5-20656998,2026-07-05
LN-10072,PROMISSORY_NOTE,AVAILABLE,md5-83683223,2026-06-25
LN-10072,TITLE_POLICY,AVAILABLE,md5-22398776,2026-06-11
LN-10073,PROMISSORY_NOTE,AVAILABLE,md5-47695226,2026-07-12
LN-10073,TITLE_POLICY,AVAILABLE,md5-30994124,2026-07-26
LN-10074,PROMISSORY_NOTE,AVAILABLE,md5-58687226,2026-05-09
LN-10074,TITLE_POLICY,AVAILABLE,md5-98307414,2026-07-17
LN-10076,PROMISSORY_NOTE,AVAILABLE,md5-33651605,2026-06-27
LN-10076,TITLE_POLICY,AVAILABLE,md5-77845175,2026-05-11
LN-10077,PROMISSORY_NOTE,AVAILABLE,md5-71828022,2026-07-19
LN-10077,TITLE_POLICY,AVAILABLE,md5-45844090,2026-05-05
LN-10078,PROMISSORY_NOTE,AVAILABLE,md5-97306866,2026-04-30
LN-10078,TITLE_POLICY,AVAILABLE,md5-76847853,2026-08-15
LN-10079,PROMISSORY_NOTE,AVAILABLE,md5-25089913,2026-06-19
LN-10079,TITLE_POLICY,AVAILABLE,md5-36037642,2026-05-31
LN-10040,PROMISSORY_NOTE,AVAILABLE,md5-31958106,2026-05-02
LN-10040,TITLE_POLICY,AVAILABLE,md5-96987146,2026-05-09
LN-10081,PROMISSORY_NOTE,AVAILABLE,md5-13397731,2026-05-25
LN-10081,TITLE_POLICY,AVAILABLE,md5-81006112,2026-06-30
LN-10082,PROMISSORY_NOTE,AVAILABLE,md5-55826915,2026-05-01
LN-10082,TITLE_POLICY,AVAILABLE,md5-29808913,2026-07-24
LN-10083,PROMISSORY_NOTE,AVAILABLE,md5-69687908,2026-06-23
LN-10083,TITLE_POLICY,AVAILABLE,md5-70796114,2026-08-05
LN-10084,PROMISSORY_NOTE,AVAILABLE,md5-87484527,2026-06-27
LN-10084,TITLE_POLICY,AVAILABLE,md5-63728027,2026-05-26
LN-10085,PROMISSORY_NOTE,AVAILABLE,md5-53474974,2026-06-30
LN-10085,TITLE_POLICY,AVAILABLE,md5-35273235,2026-07-28
LN-10086,PROMISSORY_NOTE,AVAILABLE,md5-72818001,2026-08-21
LN-10086,TITLE_POLICY,AVAILABLE,md5-24961937,2026-07-17
LN-10087,PROMISSORY_NOTE,AVAILABLE,md5-18314171,2026-05-31
LN-10087,TITLE_POLICY,AVAILABLE,md5-16260094,2026-05-16
LN-10088,PROMISSORY_NOTE,AVAILABLE,md5-94463186,2026-05-24
LN-10088,TITLE_POLICY,AVAILABLE,md5-57930481,2026-05-09
LN-10089,PROMISSORY_NOTE,AVAILABLE,md5-30468290,2026-05-09
LN-10089,TITLE_POLICY,AVAILABLE,md5-68965657,2026-06-14
LN-10090,PROMISSORY_NOTE,AVAILABLE,md5-18439853,2026-08-18
LN-10090,TITLE_POLICY,AVAILABLE,md5-59323356,2026-07-11
LN-10091,PROMISSORY_NOTE,AVAILABLE,md5-97117661,2026-06-16
LN-10091,TITLE_POLICY,AVAILABLE,md5-98353556,2026-08-16
LN-10092,PROMISSORY_NOTE,AVAILABLE,md5-14881035,2026-08-18
LN-10092,TITLE_POLICY,AVAILABLE,md5-30398821,2026-06-21
LN-10093,PROMISSORY_NOTE,AVAILABLE,md5-33915102,2026-05-20
LN-10093,TITLE_POLICY,AVAILABLE,md5-27183032,2026-08-13
LN-10094,PROMISSORY_NOTE,AVAILABLE,md5-51498614,2026-07-29
LN-10094,TITLE_POLICY,AVAILABLE,md5-52921300,2026-06-23
LN-10095,PROMISSORY_NOTE,AVAILABLE,md5-98928380,2026-05-05
LN-10095,TITLE_POLICY,AVAILABLE,md5-36154680,2026-08-06
LN-10096,PROMISSORY_NOTE,AVAILABLE,md5-67099258,2026-08-18
LN-10096,TITLE_POLICY,AVAILABLE,md5-91096407,2026-07-14
LN-10097,PROMISSORY_NOTE,AVAILABLE,md5-40428388,2026-06-09
LN-10097,TITLE_POLICY,AVAILABLE,md5-26564869,2026-05-15
LN-10098,PROMISSORY_NOTE,AVAILABLE,md5-39208016,2026-05-16
LN-10098,TITLE_POLICY,AVAILABLE,md5-63418120,2026-06-15
LN-10099,PROMISSORY_NOTE,AVAILABLE,md5-94227868,2026-05-25
LN-10099,TITLE_POLICY,AVAILABLE,md5-21656084,2026-06-19
LN-10100,PROMISSORY_NOTE,AVAILABLE,md5-32075919,2026-08-17
LN-10100,TITLE_POLICY,AVAILABLE,md5-36636781,2026-08-06
LN-10101,PROMISSORY_NOTE,AVAILABLE,md5-36590626,2026-07-04
LN-10101,TITLE_POLICY,AVAILABLE,md5-93541727,2026-07-08
LN-10102,PROMISSORY_NOTE,AVAILABLE,md5-57119069,2026-05-23
LN-10102,TITLE_POLICY,AVAILABLE,md5-30692977,2026-06-16
LN-10103,PROMISSORY_NOTE,AVAILABLE,md5-62447647,2026-07-30
LN-10103,TITLE_POLICY,AVAILABLE,md5-13595556,2026-06-06
LN-10104,PROMISSORY_NOTE,AVAILABLE,md5-96553702,2026-07-29
LN-10104,TITLE_POLICY,AVAILABLE,md5-87257533,2026-05-21
LN-10105,PROMISSORY_NOTE,AVAILABLE,md5-94713882,2026-05-04
LN-10105,TITLE_POLICY,AVAILABLE,md5-75047236,2026-05-13
LN-10106,PROMISSORY_NOTE,AVAILABLE,md5-43035177,2026-07-08
LN-10106,TITLE_POLICY,AVAILABLE,md5-27155779,2026-05-21
LN-10107,PROMISSORY_NOTE,AVAILABLE,md5-60134200,2026-06-04
LN-10107,TITLE_POLICY,AVAILABLE,md5-57278045,2026-05-08
LN-10108,PROMISSORY_NOTE,AVAILABLE,md5-98486242,2026-05-26
LN-10108,TITLE_POLICY,AVAILABLE,md5-38616380,2026-07-22
LN-10109,PROMISSORY_NOTE,AVAILABLE,md5-29912354,2026-07-31
LN-10109,TITLE_POLICY,AVAILABLE,md5-30236850,2026-06-01
LN-10110,PROMISSORY_NOTE,AVAILABLE,md5-69417375,2026-07-23
LN-10110,TITLE_POLICY,AVAILABLE,md5-92671221,2026-07-28
LN-10111,PROMISSORY_NOTE,AVAILABLE,md5-80090170,2026-06-05
LN-10111,TITLE_POLICY,AVAILABLE,md5-91594140,2026-07-30
LN-10112,PROMISSORY_NOTE,AVAILABLE,md5-10191149,2026-07-16
LN-10112,TITLE_POLICY,AVAILABLE,md5-58800300,2026-05-04
LN-10113,PROMISSORY_NOTE,AVAILABLE,md5-73576443,2026-05-25
LN-10113,TITLE_POLICY,AVAILABLE,md5-39804324,2026-05-13
LN-10114,PROMISSORY_NOTE,AVAILABLE,md5-57518285,2026-07-24
LN-10114,TITLE_POLICY,AVAILABLE,md5-27341287,2026-07-23
LN-10115,PROMISSORY_NOTE,AVAILABLE,md5-66804545,2026-06-28
LN-10115,TITLE_POLICY,AVAILABLE,md5-21691385,2026-06-18
LN-10116,PROMISSORY_NOTE,AVAILABLE,md5-56977287,2026-08-17
LN-10116,TITLE_POLICY,AVAILABLE,md5-73020918,2026-07-02
LN-10117,PROMISSORY_NOTE,AVAILABLE,md5-22299448,2026-08-15
LN-10117,TITLE_POLICY,AVAILABLE,md5-83984445,2026-06-24
LN-10118,PROMISSORY_NOTE,AVAILABLE,md5-16115184,2026-06-17
LN-10118,TITLE_POLICY,AVAILABLE,md5-35157442,2026-07-03
LN-10119,PROMISSORY_NOTE,AVAILABLE,md5-91488185,2026-06-19
LN-10119,TITLE_POLICY,AVAILABLE,md5-26212584,2026-05-16
LN-10120,PROMISSORY_NOTE,AVAILABLE,md5-77869393,2026-05-10
LN-10120,TITLE_POLICY,AVAILABLE,md5-31259406,2026-05-07
LN-10121,PROMISSORY_NOTE,AVAILABLE,md5-36830566,2026-07-04
LN-10121,TITLE_POLICY,AVAILABLE,md5-15177367,2026-08-09
LN-10122,PROMISSORY_NOTE,AVAILABLE,md5-11900451,2026-06-20
LN-10122,TITLE_POLICY,AVAILABLE,md5-26734439,2026-08-02
LN-10123,PROMISSORY_NOTE,AVAILABLE,md5-63207360,2026-08-09
LN-10123,TITLE_POLICY,AVAILABLE,md5-57542705,2026-05-31
LN-10124,PROMISSORY_NOTE,AVAILABLE,md5-84305889,2026-07-24
LN-10124,TITLE_POLICY,AVAILABLE,md5-84930512,2026-05-27
LN-10125,PROMISSORY_NOTE,AVAILABLE,md5-85191544,2026-06-02
LN-10125,TITLE_POLICY,AVAILABLE,md5-34546409,2026-05-23
LN-10126,PROMISSORY_NOTE,AVAILABLE,md5-22031352,2026-05-04
LN-10126,TITLE_POLICY,AVAILABLE,md5-76168686,2026-05-28
LN-10127,PROMISSORY_NOTE,AVAILABLE,md5-94592986,2026-06-27
LN-10127,TITLE_POLICY,AVAILABLE,md5-45183616,2026-06-14
LN-10128,PROMISSORY_NOTE,AVAILABLE,md5-44664500,2026-05-14
LN-10128,TITLE_POLICY,AVAILABLE,md5-64027629,2026-06-21
LN-10129,PROMISSORY_NOTE,AVAILABLE,md5-36884363,2026-07-11
LN-10129,TITLE_POLICY,AVAILABLE,md5-69406943,2026-05-17
LN-10130,PROMISSORY_NOTE,AVAILABLE,md5-45253038,2026-08-05
LN-10130,TITLE_POLICY,AVAILABLE,md5-29481516,2026-07-26
LN-10131,PROMISSORY_NOTE,AVAILABLE,md5-39083765,2026-05-25
LN-10131,TITLE_POLICY,AVAILABLE,md5-30503941,2026-08-03
LN-10132,PROMISSORY_NOTE,AVAILABLE,md5-31660837,2026-05-22
LN-10132,TITLE_POLICY,AVAILABLE,md5-78230692,2026-08-19
LN-10133,PROMISSORY_NOTE,AVAILABLE,md5-95193419,2026-08-08
LN-10133,TITLE_POLICY,AVAILABLE,md5-91527632,2026-07-15
LN-10134,PROMISSORY_NOTE,AVAILABLE,md5-44058594,2026-08-02
LN-10134,TITLE_POLICY,AVAILABLE,md5-56453576,2026-06-11
LN-10135,PROMISSORY_NOTE,AVAILABLE,md5-99973250,2026-05-04
LN-10135,TITLE_POLICY,AVAILABLE,md5-85977102,2026-08-02
LN-10136,PROMISSORY_NOTE,AVAILABLE,md5-99255332,2026-05-26
LN-10136,TITLE_POLICY,AVAILABLE,md5-94736386,2026-05-03
LN-10137,PROMISSORY_NOTE,AVAILABLE,md5-34713836,2026-07-30
LN-10137,TITLE_POLICY,AVAILABLE,md5-57478039,2026-07-01
LN-10138,PROMISSORY_NOTE,AVAILABLE,md5-17671873,2026-07-04
LN-10138,TITLE_POLICY,AVAILABLE,md5-34567276,2026-05-08
LN-10139,PROMISSORY_NOTE,AVAILABLE,md5-92937486,2026-07-09
LN-10139,TITLE_POLICY,AVAILABLE,md5-38328468,2026-07-05
LN-10140,PROMISSORY_NOTE,AVAILABLE,md5-98058871,2026-08-15
LN-10140,TITLE_POLICY,AVAILABLE,md5-62292747,2026-07-21
LN-10141,PROMISSORY_NOTE,AVAILABLE,md5-95286200,2026-05-12
LN-10141,TITLE_POLICY,AVAILABLE,md5-74261898,2026-05-03
LN-10142,PROMISSORY_NOTE,AVAILABLE,md5-42835306,2026-08-13
LN-10142,TITLE_POLICY,AVAILABLE,md5-96940109,2026-08-07
LN-10143,PROMISSORY_NOTE,AVAILABLE,md5-81346472,2026-08-14
LN-10143,TITLE_POLICY,AVAILABLE,md5-46447632,2026-07-02
LN-10144,PROMISSORY_NOTE,AVAILABLE,md5-76005098,2026-07-17
LN-10144,TITLE_POLICY,AVAILABLE,md5-24031307,2026-05-08
LN-10145,PROMISSORY_NOTE,AVAILABLE,md5-41717630,2026-08-21
LN-10145,TITLE_POLICY,AVAILABLE,md5-75171676,2026-05-28
LN-10146,PROMISSORY_NOTE,AVAILABLE,md5-52312851,2026-07-23
LN-10146,TITLE_POLICY,AVAILABLE,md5-85013013,2026-07-13
LN-10147,PROMISSORY_NOTE,AVAILABLE,md5-26377872,2026-05-30
LN-10147,TITLE_POLICY,AVAILABLE,md5-85388033,2026-07-11
LN-10148,PROMISSORY_NOTE,AVAILABLE,md5-29930950,2026-08-20
LN-10148,TITLE_POLICY,AVAILABLE,md5-98582538,2026-08-12
LN-10149,PROMISSORY_NOTE,AVAILABLE,md5-39494552,2026-05-14
LN-10149,TITLE_POLICY,AVAILABLE,md5-61723054,2026-07-30
LN-10151,PROMISSORY_NOTE,AVAILABLE,md5-63860585,2026-05-29
LN-10151,TITLE_POLICY,AVAILABLE,md5-17694960,2026-06-17
LN-10152,PROMISSORY_NOTE,AVAILABLE,md5-48496836,2026-05-29
LN-10152,TITLE_POLICY,AVAILABLE,md5-63592665,2026-07-23
LN-10153,PROMISSORY_NOTE,AVAILABLE,md5-86626319,2026-05-07
LN-10153,TITLE_POLICY,AVAILABLE,md5-73555662,2026-05-29
LN-10154,PROMISSORY_NOTE,AVAILABLE,md5-59039804,2026-07-03
LN-10154,TITLE_POLICY,AVAILABLE,md5-18490284,2026-07-12
LN-10155,PROMISSORY_NOTE,AVAILABLE,md5-47158023,2026-05-12
LN-10155,TITLE_POLICY,AVAILABLE,md5-73906952,2026-08-16
LN-10156,PROMISSORY_NOTE,AVAILABLE,md5-58524020,2026-07-12
LN-10156,TITLE_POLICY,AVAILABLE,md5-43745968,2026-06-10
LN-10157,PROMISSORY_NOTE,AVAILABLE,md5-19760510,2026-05-11
LN-10157,TITLE_POLICY,AVAILABLE,md5-33391451,2026-06-02
LN-10158,PROMISSORY_NOTE,AVAILABLE,md5-98541856,2026-08-13
LN-10158,TITLE_POLICY,AVAILABLE,md5-59430703,2026-08-10
LN-10159,PROMISSORY_NOTE,AVAILABLE,md5-67461167,2026-05-21
LN-10159,TITLE_POLICY,AVAILABLE,md5-45925808,2026-08-12
LN-10160,PROMISSORY_NOTE,AVAILABLE,md5-20400956,2026-06-10
LN-10160,TITLE_POLICY,AVAILABLE,md5-55932113,2026-07-10
LN-10161,PROMISSORY_NOTE,AVAILABLE,md5-67480783,2026-07-18
LN-10161,TITLE_POLICY,AVAILABLE,md5-12269217,2026-06-10
LN-10162,PROMISSORY_NOTE,AVAILABLE,md5-99996378,2026-08-10
LN-10162,TITLE_POLICY,AVAILABLE,md5-87340546,2026-05-21
LN-10163,PROMISSORY_NOTE,AVAILABLE,md5-60462544,2026-06-07
LN-10163,TITLE_POLICY,AVAILABLE,md5-38389728,2026-06-07
LN-10164,PROMISSORY_NOTE,AVAILABLE,md5-53089333,2026-06-25
LN-10164,TITLE_POLICY,AVAILABLE,md5-83433438,2026-06-19
LN-10165,PROMISSORY_NOTE,AVAILABLE,md5-58016754,2026-05-10
LN-10165,TITLE_POLICY,AVAILABLE,md5-34811860,2026-08-14
LN-10166,PROMISSORY_NOTE,AVAILABLE,md5-74043381,2026-05-11
LN-10166,TITLE_POLICY,AVAILABLE,md5-10070858,2026-05-10
LN-10167,PROMISSORY_NOTE,AVAILABLE,md5-28399621,2026-08-19
LN-10167,TITLE_POLICY,AVAILABLE,md5-44040426,2026-07-31
LN-10168,PROMISSORY_NOTE,AVAILABLE,md5-68330593,2026-08-01
LN-10168,TITLE_POLICY,AVAILABLE,md5-99478064,2026-08-20
LN-10169,PROMISSORY_NOTE,AVAILABLE,md5-19545651,2026-06-03
LN-10169,TITLE_POLICY,AVAILABLE,md5-97513847,2026-06-19
LN-10170,PROMISSORY_NOTE,AVAILABLE,md5-22897516,2026-08-04
LN-10170,TITLE_POLICY,AVAILABLE,md5-98802796,2026-08-10
LN-10171,PROMISSORY_NOTE,AVAILABLE,md5-30088520,2026-07-13
LN-10171,TITLE_POLICY,AVAILABLE,md5-19837032,2026-07-27
LN-10172,PROMISSORY_NOTE,AVAILABLE,md5-86715313,2026-07-21
LN-10172,TITLE_POLICY,AVAILABLE,md5-67713148,2026-04-28
LN-10173,PROMISSORY_NOTE,AVAILABLE,md5-93255820,2026-07-01
LN-10173,TITLE_POLICY,AVAILABLE,md5-72110248,2026-06-14
LN-10174,PROMISSORY_NOTE,AVAILABLE,md5-86038301,2026-05-31
LN-10174,TITLE_POLICY,AVAILABLE,md5-70921858,2026-07-01
LN-10175,PROMISSORY_NOTE,AVAILABLE,md5-14876892,2026-06-10
LN-10175,TITLE_POLICY,AVAILABLE,md5-80225378,2026-06-22
LN-10176,PROMISSORY_NOTE,AVAILABLE,md5-38939951,2026-08-12
LN-10176,TITLE_POLICY,AVAILABLE,md5-32142393,2026-06-28
LN-10177,PROMISSORY_NOTE,AVAILABLE,md5-75840438,2026-04-29
LN-10177,TITLE_POLICY,AVAILABLE,md5-74944298,2026-07-23
LN-10178,PROMISSORY_NOTE,AVAILABLE,md5-20724388,2026-05-11
LN-10178,TITLE_POLICY,AVAILABLE,md5-90791303,2026-05-15
LN-10179,PROMISSORY_NOTE,AVAILABLE,md5-34880515,2026-08-05
LN-10179,TITLE_POLICY,AVAILABLE,md5-68767112,2026-05-30
LN-10180,PROMISSORY_NOTE,MISSING,md5-62264845,2026-05-27
LN-10180,TITLE_POLICY,AVAILABLE,md5-13800827,2026-06-24
LN-10181,PROMISSORY_NOTE,AVAILABLE,md5-55515767,2026-05-24
LN-10181,TITLE_POLICY,AVAILABLE,md5-87413513,2026-06-15
LN-10182,PROMISSORY_NOTE,AVAILABLE,md5-81774964,2026-06-03
LN-10182,TITLE_POLICY,AVAILABLE,md5-73774133,2026-05-30
LN-10183,PROMISSORY_NOTE,AVAILABLE,md5-83107943,2026-06-29
LN-10183,TITLE_POLICY,AVAILABLE,md5-57300592,2026-07-22
LN-10184,PROMISSORY_NOTE,AVAILABLE,md5-95550709,2026-07-26
LN-10184,TITLE_POLICY,AVAILABLE,md5-94686715,2026-05-26
LN-10185,PROMISSORY_NOTE,AVAILABLE,md5-86727686,2026-04-28
LN-10185,TITLE_POLICY,AVAILABLE,md5-51442057,2026-07-27
LN-10186,PROMISSORY_NOTE,AVAILABLE,md5-25473711,2026-06-05
LN-10186,TITLE_POLICY,AVAILABLE,md5-22307163,2026-06-02
LN-10187,PROMISSORY_NOTE,AVAILABLE,md5-61302208,2026-07-10
LN-10187,TITLE_POLICY,AVAILABLE,md5-51441964,2026-07-28
LN-10188,PROMISSORY_NOTE,AVAILABLE,md5-14144268,2026-06-17
LN-10188,TITLE_POLICY,AVAILABLE,md5-87607161,2026-06-01
LN-10189,PROMISSORY_NOTE,AVAILABLE,md5-54945647,2026-07-29
LN-10189,TITLE_POLICY,AVAILABLE,md5-41296200,2026-08-06
LN-10190,PROMISSORY_NOTE,AVAILABLE,md5-29425562,2026-08-16
LN-10190,TITLE_POLICY,AVAILABLE,md5-31278817,2026-08-06
LN-10191,PROMISSORY_NOTE,AVAILABLE,md5-88664139,2026-08-13
LN-10191,TITLE_POLICY,AVAILABLE,md5-57240995,2026-05-06
LN-10192,PROMISSORY_NOTE,AVAILABLE,md5-13156663,2026-05-14
LN-10192,TITLE_POLICY,AVAILABLE,md5-56856138,2026-06-20
LN-10193,PROMISSORY_NOTE,AVAILABLE,md5-60752545,2026-07-18
LN-10193,TITLE_POLICY,AVAILABLE,md5-47955201,2026-06-10
LN-10194,PROMISSORY_NOTE,AVAILABLE,md5-95910603,2026-06-24
LN-10194,TITLE_POLICY,AVAILABLE,md5-48130237,2026-06-21
LN-10195,PROMISSORY_NOTE,AVAILABLE,md5-10924446,2026-05-22
LN-10195,TITLE_POLICY,AVAILABLE,md5-16703057,2026-08-21
LN-10196,PROMISSORY_NOTE,AVAILABLE,md5-28828124,2026-06-29
LN-10196,TITLE_POLICY,AVAILABLE,md5-85331364,2026-06-23
LN-10197,PROMISSORY_NOTE,AVAILABLE,md5-63102334,2026-07-13
LN-10197,TITLE_POLICY,AVAILABLE,md5-51498353,2026-06-13
LN-10198,PROMISSORY_NOTE,AVAILABLE,md5-99305963,2026-05-16
LN-10198,TITLE_POLICY,AVAILABLE,md5-68419398,2026-06-19
LN-10199,PROMISSORY_NOTE,AVAILABLE,md5-63809725,2026-07-14
LN-10199,TITLE_POLICY,AVAILABLE,md5-86825671,2026-06-25
LN-10200,PROMISSORY_NOTE,AVAILABLE,md5-89602636,2026-06-25
LN-10200,TITLE_POLICY,AVAILABLE,md5-51541660,2026-04-30
LN-10201,PROMISSORY_NOTE,AVAILABLE,md5-21948986,2026-06-29
LN-10201,TITLE_POLICY,AVAILABLE,md5-37018872,2026-07-03
LN-10202,PROMISSORY_NOTE,AVAILABLE,md5-56648543,2026-06-28
LN-10202,TITLE_POLICY,AVAILABLE,md5-14533166,2026-07-20
LN-10203,PROMISSORY_NOTE,AVAILABLE,md5-54375853,2026-08-17
LN-10203,TITLE_POLICY,AVAILABLE,md5-13094200,2026-06-30
LN-10204,PROMISSORY_NOTE,AVAILABLE,md5-42784548,2026-07-07
LN-10204,TITLE_POLICY,AVAILABLE,md5-52242979,2026-05-24
LN-10205,PROMISSORY_NOTE,AVAILABLE,md5-39607195,2026-06-22
LN-10205,TITLE_POLICY,AVAILABLE,md5-36733466,2026-08-17
LN-10206,PROMISSORY_NOTE,AVAILABLE,md5-89035895,2026-05-19
LN-10206,TITLE_POLICY,AVAILABLE,md5-61824273,2026-07-18
LN-10207,PROMISSORY_NOTE,AVAILABLE,md5-85839231,2026-06-28
LN-10207,TITLE_POLICY,AVAILABLE,md5-92739686,2026-07-29
LN-10208,PROMISSORY_NOTE,AVAILABLE,md5-72331124,2026-06-26
LN-10208,TITLE_POLICY,AVAILABLE,md5-20613694,2026-08-07
LN-10209,PROMISSORY_NOTE,AVAILABLE,md5-95226879,2026-06-10
LN-10209,TITLE_POLICY,AVAILABLE,md5-97251436,2026-07-07
LN-10210,PROMISSORY_NOTE,AVAILABLE,md5-28435232,2026-06-10
LN-10210,TITLE_POLICY,AVAILABLE,md5-61023799,2026-07-24
LN-10211,PROMISSORY_NOTE,AVAILABLE,md5-53096805,2026-07-26
LN-10211,TITLE_POLICY,AVAILABLE,md5-16649866,2026-05-25
LN-10212,PROMISSORY_NOTE,AVAILABLE,md5-59789640,2026-06-07
LN-10212,TITLE_POLICY,AVAILABLE,md5-72538971,2026-05-21
LN-10213,PROMISSORY_NOTE,AVAILABLE,md5-11067974,2026-07-30
LN-10213,TITLE_POLICY,AVAILABLE,md5-59393042,2026-07-08
LN-10214,PROMISSORY_NOTE,AVAILABLE,md5-24780319,2026-08-01
LN-10214,TITLE_POLICY,AVAILABLE,md5-81003352,2026-08-01
LN-10215,PROMISSORY_NOTE,AVAILABLE,md5-72098857,2026-06-30
LN-10215,TITLE_POLICY,AVAILABLE,md5-37698521,2026-06-28
LN-10216,PROMISSORY_NOTE,AVAILABLE,md5-50226350,2026-07-22
LN-10216,TITLE_POLICY,AVAILABLE,md5-20517721,2026-05-04
LN-10217,PROMISSORY_NOTE,AVAILABLE,md5-52146187,2026-06-04
LN-10217,TITLE_POLICY,AVAILABLE,md5-48920575,2026-06-15
LN-10218,PROMISSORY_NOTE,AVAILABLE,md5-93317657,2026-05-05
LN-10218,TITLE_POLICY,AVAILABLE,md5-85107047,2026-05-06
LN-10219,PROMISSORY_NOTE,AVAILABLE,md5-86492934,2026-05-16
LN-10219,TITLE_POLICY,AVAILABLE,md5-55016517,2026-06-04
LN-10220,PROMISSORY_NOTE,AVAILABLE,md5-62810773,2026-07-08
LN-10220,TITLE_POLICY,AVAILABLE,md5-47808190,2026-06-30
LN-10221,PROMISSORY_NOTE,AVAILABLE,md5-98242667,2026-06-27
LN-10221,TITLE_POLICY,AVAILABLE,md5-43287832,2026-07-14
LN-10222,PROMISSORY_NOTE,AVAILABLE,md5-54346554,2026-05-17
LN-10222,TITLE_POLICY,AVAILABLE,md5-45128164,2026-05-02
LN-10223,PROMISSORY_NOTE,AVAILABLE,md5-49213035,2026-05-18
LN-10223,TITLE_POLICY,AVAILABLE,md5-39716697,2026-07-13
LN-10224,PROMISSORY_NOTE,AVAILABLE,md5-44547356,2026-05-13
LN-10224,TITLE_POLICY,AVAILABLE,md5-19797079,2026-05-12
LN-10225,PROMISSORY_NOTE,AVAILABLE,md5-50983721,2026-06-04
LN-10225,TITLE_POLICY,AVAILABLE,md5-26282257,2026-07-02
LN-10226,PROMISSORY_NOTE,AVAILABLE,md5-86421624,2026-06-05
LN-10226,TITLE_POLICY,AVAILABLE,md5-89066088,2026-07-21
LN-10227,PROMISSORY_NOTE,AVAILABLE,md5-91532029,2026-07-21
LN-10227,TITLE_POLICY,AVAILABLE,md5-44692423,2026-07-17
LN-10228,PROMISSORY_NOTE,AVAILABLE,md5-87620704,2026-06-25
LN-10228,TITLE_POLICY,AVAILABLE,md5-48263982,2026-07-24
LN-10229,PROMISSORY_NOTE,AVAILABLE,md5-87164444,2026-05-01
LN-10229,TITLE_POLICY,AVAILABLE,md5-46190360,2026-05-01
LN-10230,PROMISSORY_NOTE,AVAILABLE,md5-65018243,2026-07-19
LN-10230,TITLE_POLICY,AVAILABLE,md5-12305350,2026-06-15
LN-10231,PROMISSORY_NOTE,AVAILABLE,md5-98232407,2026-05-24
LN-10231,TITLE_POLICY,AVAILABLE,md5-85344093,2026-07-31
LN-10232,PROMISSORY_NOTE,AVAILABLE,md5-29609766,2026-07-24
LN-10232,TITLE_POLICY,AVAILABLE,md5-16408122,2026-06-07
LN-10233,PROMISSORY_NOTE,AVAILABLE,md5-54048648,2026-06-18
LN-10233,TITLE_POLICY,AVAILABLE,md5-66388658,2026-08-05
LN-10234,PROMISSORY_NOTE,AVAILABLE,md5-91260613,2026-05-21
LN-10234,TITLE_POLICY,AVAILABLE,md5-74025619,2026-05-21
LN-10235,PROMISSORY_NOTE,AVAILABLE,md5-39330100,2026-06-09
LN-10235,TITLE_POLICY,AVAILABLE,md5-99792714,2026-05-09
LN-10236,PROMISSORY_NOTE,AVAILABLE,md5-81562020,2026-05-31
LN-10236,TITLE_POLICY,AVAILABLE,md5-80113322,2026-06-08
LN-10237,PROMISSORY_NOTE,AVAILABLE,md5-46186270,2026-08-09
LN-10237,TITLE_POLICY,AVAILABLE,md5-43444000,2026-08-01
LN-10238,PROMISSORY_NOTE,AVAILABLE,md5-23906478,2026-08-20
LN-10238,TITLE_POLICY,AVAILABLE,md5-86639255,2026-06-25
LN-10239,PROMISSORY_NOTE,AVAILABLE,md5-27326000,2026-08-14
LN-10239,TITLE_POLICY,AVAILABLE,md5-33264910,2026-08-07
LN-10240,PROMISSORY_NOTE,AVAILABLE,md5-74255018,2026-05-16
LN-10240,TITLE_POLICY,AVAILABLE,md5-15818570,2026-06-21
LN-10241,PROMISSORY_NOTE,AVAILABLE,md5-53865505,2026-07-14
LN-10241,TITLE_POLICY,AVAILABLE,md5-79601571,2026-07-08
LN-10242,PROMISSORY_NOTE,AVAILABLE,md5-35865956,2026-07-16
LN-10242,TITLE_POLICY,AVAILABLE,md5-94597065,2026-05-23
LN-10243,PROMISSORY_NOTE,AVAILABLE,md5-65404883,2026-07-05
LN-10243,TITLE_POLICY,AVAILABLE,md5-55188172,2026-06-22
LN-10244,PROMISSORY_NOTE,AVAILABLE,md5-88598588,2026-08-05
LN-10244,TITLE_POLICY,AVAILABLE,md5-26865926,2026-08-17
LN-10245,PROMISSORY_NOTE,AVAILABLE,md5-42807356,2026-08-20
LN-10245,TITLE_POLICY,AVAILABLE,md5-15759381,2026-07-14
LN-10246,PROMISSORY_NOTE,AVAILABLE,md5-47331005,2026-06-10
LN-10246,TITLE_POLICY,AVAILABLE,md5-68094439,2026-05-05
LN-10247,PROMISSORY_NOTE,AVAILABLE,md5-50854087,2026-07-04
LN-10247,TITLE_POLICY,AVAILABLE,md5-18601785,2026-08-03
LN-10248,PROMISSORY_NOTE,AVAILABLE,md5-91998766,2026-07-24
LN-10248,TITLE_POLICY,AVAILABLE,md5-86044212,2026-08-15
LN-10249,PROMISSORY_NOTE,AVAILABLE,md5-13675662,2026-08-03
LN-10249,TITLE_POLICY,AVAILABLE,md5-57750842,2026-08-08
LN-10250,PROMISSORY_NOTE,AVAILABLE,md5-28301985,2026-05-14
LN-10250,TITLE_POLICY,AVAILABLE,md5-25408026,2026-07-26
LN-10251,PROMISSORY_NOTE,AVAILABLE,md5-71937580,2026-07-10
LN-10251,TITLE_POLICY,AVAILABLE,md5-62812300,2026-05-03
LN-10252,PROMISSORY_NOTE,AVAILABLE,md5-57813594,2026-06-15
LN-10252,TITLE_POLICY,AVAILABLE,md5-89846877,2026-07-02
LN-10253,PROMISSORY_NOTE,AVAILABLE,md5-35543591,2026-07-10
LN-10253,TITLE_POLICY,AVAILABLE,md5-88161731,2026-07-09
LN-10254,PROMISSORY_NOTE,AVAILABLE,md5-94289329,2026-05-27
LN-10254,TITLE_POLICY,AVAILABLE,md5-73263970,2026-08-21
LN-10255,PROMISSORY_NOTE,AVAILABLE,md5-84541470,2026-06-27
LN-10255,TITLE_POLICY,AVAILABLE,md5-20587268,2026-06-09
LN-10256,PROMISSORY_NOTE,AVAILABLE,md5-91803550,2026-07-25
LN-10256,TITLE_POLICY,AVAILABLE,md5-19232076,2026-07-19
LN-10257,PROMISSORY_NOTE,AVAILABLE,md5-58384982,2026-06-12
LN-10257,TITLE_POLICY,AVAILABLE,md5-50043139,2026-07-28
LN-10258,PROMISSORY_NOTE,AVAILABLE,md5-44812710,2026-05-24
LN-10258,TITLE_POLICY,AVAILABLE,md5-53923567,2026-07-02
LN-10259,PROMISSORY_NOTE,AVAILABLE,md5-62061217,2026-07-24
LN-10259,TITLE_POLICY,AVAILABLE,md5-21360466,2026-08-12
LN-10260,PROMISSORY_NOTE,AVAILABLE,md5-39906700,2026-06-13
LN-10260,TITLE_POLICY,AVAILABLE,md5-83917738,2026-07-05
LN-10261,PROMISSORY_NOTE,AVAILABLE,md5-16450225,2026-04-30
LN-10261,TITLE_POLICY,AVAILABLE,md5-37474847,2026-07-15
LN-10262,PROMISSORY_NOTE,AVAILABLE,md5-34637969,2026-07-28
LN-10262,TITLE_POLICY,AVAILABLE,md5-64679723,2026-08-01
LN-10263,PROMISSORY_NOTE,AVAILABLE,md5-28217622,2026-08-17
LN-10263,TITLE_POLICY,AVAILABLE,md5-43374719,2026-07-28
LN-10264,PROMISSORY_NOTE,AVAILABLE,md5-51611169,2026-06-24
LN-10264,TITLE_POLICY,AVAILABLE,md5-49292923,2026-07-29
LN-10265,PROMISSORY_NOTE,AVAILABLE,md5-45584224,2026-06-30
LN-10265,TITLE_POLICY,AVAILABLE,md5-37905513,2026-05-30
LN-10266,PROMISSORY_NOTE,AVAILABLE,md5-24466179,2026-08-19
LN-10266,TITLE_POLICY,AVAILABLE,md5-50434140,2026-07-23
LN-10267,PROMISSORY_NOTE,AVAILABLE,md5-99024698,2026-06-25
LN-10267,TITLE_POLICY,AVAILABLE,md5-87771867,2026-06-29
LN-10268,PROMISSORY_NOTE,AVAILABLE,md5-77704078,2026-05-19
LN-10268,TITLE_POLICY,AVAILABLE,md5-98319658,2026-07-02
LN-10269,PROMISSORY_NOTE,AVAILABLE,md5-82514117,2026-05-07
LN-10269,TITLE_POLICY,AVAILABLE,md5-13760835,2026-08-17
LN-10270,PROMISSORY_NOTE,AVAILABLE,md5-84110857,2026-05-12
LN-10270,TITLE_POLICY,AVAILABLE,md5-97392532,2026-07-12
LN-10271,PROMISSORY_NOTE,AVAILABLE,md5-28907022,2026-06-10
LN-10271,TITLE_POLICY,AVAILABLE,md5-47658780,2026-07-04
LN-10272,PROMISSORY_NOTE,AVAILABLE,md5-88190778,2026-08-15
LN-10272,TITLE_POLICY,AVAILABLE,md5-30534055,2026-04-30
LN-10273,PROMISSORY_NOTE,AVAILABLE,md5-97754046,2026-08-10
LN-10273,TITLE_POLICY,AVAILABLE,md5-96789632,2026-05-29
LN-10274,PROMISSORY_NOTE,AVAILABLE,md5-75403701,2026-06-26
LN-10274,TITLE_POLICY,AVAILABLE,md5-48392494,2026-08-13
LN-10275,PROMISSORY_NOTE,AVAILABLE,md5-72520793,2026-07-19
LN-10275,TITLE_POLICY,AVAILABLE,md5-35276371,2026-08-17
LN-10276,PROMISSORY_NOTE,AVAILABLE,md5-50546917,2026-07-26
LN-10276,TITLE_POLICY,AVAILABLE,md5-52753307,2026-08-14
LN-10277,PROMISSORY_NOTE,AVAILABLE,md5-30825995,2026-07-23
LN-10277,TITLE_POLICY,AVAILABLE,md5-82016067,2026-05-12
LN-10278,PROMISSORY_NOTE,AVAILABLE,md5-59205921,2026-08-15
LN-10278,TITLE_POLICY,AVAILABLE,md5-31927086,2026-08-01
LN-10279,PROMISSORY_NOTE,AVAILABLE,md5-85039056,2026-06-04
LN-10279,TITLE_POLICY,AVAILABLE,md5-47625379,2026-06-28
LN-10280,PROMISSORY_NOTE,AVAILABLE,md5-62458119,2026-07-09
LN-10280,TITLE_POLICY,AVAILABLE,md5-34316766,2026-06-25
LN-10281,PROMISSORY_NOTE,AVAILABLE,md5-55201053,2026-05-20
LN-10281,TITLE_POLICY,AVAILABLE,md5-31405453,2026-07-27
LN-10282,PROMISSORY_NOTE,AVAILABLE,md5-36983380,2026-08-04
LN-10282,TITLE_POLICY,AVAILABLE,md5-79835357,2026-08-02
LN-10283,PROMISSORY_NOTE,AVAILABLE,md5-93699313,2026-05-12
LN-10283,TITLE_POLICY,AVAILABLE,md5-41376497,2026-08-20
LN-10284,PROMISSORY_NOTE,AVAILABLE,md5-28292826,2026-08-19
LN-10284,TITLE_POLICY,AVAILABLE,md5-28044506,2026-07-10
LN-10285,PROMISSORY_NOTE,AVAILABLE,md5-63857905,2026-06-09
LN-10285,TITLE_POLICY,AVAILABLE,md5-24469628,2026-07-25
LN-10286,PROMISSORY_NOTE,AVAILABLE,md5-37435603,2026-05-01
LN-10286,TITLE_POLICY,AVAILABLE,md5-11336919,2026-07-23
LN-10287,PROMISSORY_NOTE,AVAILABLE,md5-12948302,2026-07-24
LN-10287,TITLE_POLICY,AVAILABLE,md5-36476938,2026-07-20
LN-10288,PROMISSORY_NOTE,AVAILABLE,md5-64799954,2026-06-23
LN-10288,TITLE_POLICY,AVAILABLE,md5-69186422,2026-08-13
LN-10289,PROMISSORY_NOTE,AVAILABLE,md5-26489417,2026-05-28
LN-10289,TITLE_POLICY,AVAILABLE,md5-67415160,2026-05-13
LN-10290,PROMISSORY_NOTE,AVAILABLE,md5-71242777,2026-07-06
LN-10290,TITLE_POLICY,AVAILABLE,md5-11436957,2026-06-26
LN-10291,PROMISSORY_NOTE,AVAILABLE,md5-67293274,2026-08-03
LN-10291,TITLE_POLICY,AVAILABLE,md5-74208166,2026-06-04
LN-10292,PROMISSORY_NOTE,AVAILABLE,md5-91867600,2026-07-08
LN-10292,TITLE_POLICY,AVAILABLE,md5-52303911,2026-07-21
LN-10293,PROMISSORY_NOTE,AVAILABLE,md5-17605519,2026-07-30
LN-10293,TITLE_POLICY,AVAILABLE,md5-47311724,2026-05-31
LN-10294,PROMISSORY_NOTE,AVAILABLE,md5-59686746,2026-07-26
LN-10294,TITLE_POLICY,AVAILABLE,md5-17522909,2026-08-11
LN-10295,PROMISSORY_NOTE,AVAILABLE,md5-33225244,2026-07-23
LN-10295,TITLE_POLICY,AVAILABLE,md5-88077298,2026-06-11
LN-10296,PROMISSORY_NOTE,AVAILABLE,md5-44670469,2026-05-09
LN-10296,TITLE_POLICY,AVAILABLE,md5-75449429,2026-07-31
LN-10297,PROMISSORY_NOTE,AVAILABLE,md5-41539529,2026-08-18
LN-10297,TITLE_POLICY,AVAILABLE,md5-39096366,2026-07-18
LN-10298,PROMISSORY_NOTE,AVAILABLE,md5-27691237,2026-08-16
LN-10298,TITLE_POLICY,AVAILABLE,md5-27053140,2026-06-13
LN-10299,PROMISSORY_NOTE,AVAILABLE,md5-49729133,2026-06-24
LN-10299,TITLE_POLICY,AVAILABLE,md5-19140411,2026-05-11
LN-10300,PROMISSORY_NOTE,AVAILABLE,md5-88051323,2026-05-10
LN-10300,TITLE_POLICY,AVAILABLE,md5-12199227,2026-08-10
LN-10301,PROMISSORY_NOTE,AVAILABLE,md5-70964226,2026-05-22
LN-10301,TITLE_POLICY,AVAILABLE,md5-31883430,2026-08-01
LN-10302,PROMISSORY_NOTE,AVAILABLE,md5-98841048,2026-05-11
LN-10302,TITLE_POLICY,AVAILABLE,md5-27770796,2026-07-15
LN-10303,PROMISSORY_NOTE,AVAILABLE,md5-16995319,2026-05-01
LN-10303,TITLE_POLICY,AVAILABLE,md5-60103462,2026-08-14
LN-10304,PROMISSORY_NOTE,AVAILABLE,md5-68968103,2026-05-09
LN-10304,TITLE_POLICY,AVAILABLE,md5-65510726,2026-05-07
LN-10305,PROMISSORY_NOTE,AVAILABLE,md5-44754808,2026-05-29
LN-10305,TITLE_POLICY,AVAILABLE,md5-83345228,2026-06-23
LN-10306,PROMISSORY_NOTE,AVAILABLE,md5-23635217,2026-05-07
LN-10306,TITLE_POLICY,AVAILABLE,md5-73926166,2026-05-31
LN-10307,PROMISSORY_NOTE,AVAILABLE,md5-95370837,2026-05-25
LN-10307,TITLE_POLICY,AVAILABLE,md5-76463577,2026-07-11
LN-10308,PROMISSORY_NOTE,AVAILABLE,md5-44957021,2026-06-30
LN-10308,TITLE_POLICY,AVAILABLE,md5-24209744,2026-06-03
LN-10309,PROMISSORY_NOTE,AVAILABLE,md5-90627301,2026-05-03
LN-10309,TITLE_POLICY,AVAILABLE,md5-34545299,2026-07-19
LN-10310,PROMISSORY_NOTE,AVAILABLE,md5-16717119,2026-07-03
LN-10310,TITLE_POLICY,AVAILABLE,md5-58286271,2026-06-01
LN-10311,PROMISSORY_NOTE,AVAILABLE,md5-82695541,2026-07-23
LN-10311,TITLE_POLICY,AVAILABLE,md5-82051154,2026-05-02
LN-10312,PROMISSORY_NOTE,AVAILABLE,md5-69150591,2026-08-02
LN-10312,TITLE_POLICY,AVAILABLE,md5-72969714,2026-06-02
LN-10313,PROMISSORY_NOTE,AVAILABLE,md5-29909582,2026-07-09
LN-10313,TITLE_POLICY,AVAILABLE,md5-77885883,2026-05-02
LN-10314,PROMISSORY_NOTE,AVAILABLE,md5-18601881,2026-07-29
LN-10314,TITLE_POLICY,AVAILABLE,md5-30877814,2026-07-12
LN-10315,PROMISSORY_NOTE,AVAILABLE,md5-90369200,2026-08-16
LN-10315,TITLE_POLICY,AVAILABLE,md5-88508415,2026-05-13
LN-10316,PROMISSORY_NOTE,AVAILABLE,md5-56069176,2026-07-03
LN-10316,TITLE_POLICY,AVAILABLE,md5-62909020,2026-05-16
LN-10317,PROMISSORY_NOTE,AVAILABLE,md5-81642266,2026-07-16
LN-10317,TITLE_POLICY,AVAILABLE,md5-44188269,2026-06-18
LN-10318,PROMISSORY_NOTE,AVAILABLE,md5-29788104,2026-07-21
LN-10318,TITLE_POLICY,AVAILABLE,md5-75158383,2026-07-21
LN-10319,PROMISSORY_NOTE,AVAILABLE,md5-94181500,2026-07-28
LN-10319,TITLE_POLICY,AVAILABLE,md5-70581790,2026-06-09
LN-10320,PROMISSORY_NOTE,AVAILABLE,md5-20242039,2026-05-12
LN-10320,TITLE_POLICY,AVAILABLE,md5-35005684,2026-08-09
LN-10321,PROMISSORY_NOTE,AVAILABLE,md5-27447060,2026-08-11
LN-10321,TITLE_POLICY,AVAILABLE,md5-21536372,2026-08-15
LN-10322,PROMISSORY_NOTE,AVAILABLE,md5-26002217,2026-06-15
LN-10322,TITLE_POLICY,AVAILABLE,md5-71456902,2026-06-17
LN-10323,PROMISSORY_NOTE,AVAILABLE,md5-15632263,2026-07-22
LN-10323,TITLE_POLICY,AVAILABLE,md5-56527328,2026-05-25
LN-10324,PROMISSORY_NOTE,AVAILABLE,md5-84195414,2026-06-29
LN-10324,TITLE_POLICY,AVAILABLE,md5-92435286,2026-08-15
LN-10325,PROMISSORY_NOTE,AVAILABLE,md5-99873483,2026-04-29
LN-10325,TITLE_POLICY,AVAILABLE,md5-19923241,2026-06-24
LN-10326,PROMISSORY_NOTE,AVAILABLE,md5-16641596,2026-05-03
LN-10326,TITLE_POLICY,AVAILABLE,md5-75059528,2026-07-15
LN-10327,PROMISSORY_NOTE,AVAILABLE,md5-14839040,2026-05-11
LN-10327,TITLE_POLICY,AVAILABLE,md5-94460467,2026-07-24
LN-10328,PROMISSORY_NOTE,AVAILABLE,md5-90297666,2026-08-02
LN-10328,TITLE_POLICY,AVAILABLE,md5-57314672,2026-08-08
LN-10329,PROMISSORY_NOTE,AVAILABLE,md5-88887402,2026-06-03
LN-10329,TITLE_POLICY,AVAILABLE,md5-92845962,2026-07-20
LN-10330,PROMISSORY_NOTE,AVAILABLE,md5-57641877,2026-07-30
LN-10330,TITLE_POLICY,AVAILABLE,md5-90286041,2026-07-12
LN-10331,PROMISSORY_NOTE,AVAILABLE,md5-24682341,2026-06-19
LN-10331,TITLE_POLICY,AVAILABLE,md5-23693384,2026-07-30
LN-10332,PROMISSORY_NOTE,AVAILABLE,md5-33555599,2026-08-03
LN-10332,TITLE_POLICY,AVAILABLE,md5-76065990,2026-07-03
LN-10333,PROMISSORY_NOTE,AVAILABLE,md5-44162057,2026-07-21
LN-10333,TITLE_POLICY,AVAILABLE,md5-39569780,2026-06-11
LN-10334,PROMISSORY_NOTE,AVAILABLE,md5-70989006,2026-07-29
LN-10334,TITLE_POLICY,AVAILABLE,md5-31951279,2026-08-19
LN-10335,PROMISSORY_NOTE,AVAILABLE,md5-58414556,2026-05-04
LN-10335,TITLE_POLICY,AVAILABLE,md5-48824005,2026-08-02
LN-10336,PROMISSORY_NOTE,AVAILABLE,md5-29373250,2026-08-07
LN-10336,TITLE_POLICY,AVAILABLE,md5-60422980,2026-07-30
LN-10337,PROMISSORY_NOTE,AVAILABLE,md5-60584537,2026-05-27
LN-10337,TITLE_POLICY,AVAILABLE,md5-53017146,2026-05-26
LN-10338,PROMISSORY_NOTE,AVAILABLE,md5-44986948,2026-06-07
LN-10338,TITLE_POLICY,AVAILABLE,md5-96711226,2026-07-04
LN-10339,PROMISSORY_NOTE,AVAILABLE,md5-35817805,2026-07-28
LN-10339,TITLE_POLICY,AVAILABLE,md5-10202363,2026-05-25
LN-10340,PROMISSORY_NOTE,AVAILABLE,md5-82420995,2026-05-09
LN-10340,TITLE_POLICY,AVAILABLE,md5-36239836,2026-07-27
LN-10341,PROMISSORY_NOTE,AVAILABLE,md5-48909287,2026-07-15
LN-10341,TITLE_POLICY,AVAILABLE,md5-50539380,2026-06-26
LN-10342,PROMISSORY_NOTE,AVAILABLE,md5-12485938,2026-07-13
LN-10342,TITLE_POLICY,AVAILABLE,md5-77404592,2026-05-06
LN-10343,PROMISSORY_NOTE,AVAILABLE,md5-79600607,2026-06-19
LN-10343,TITLE_POLICY,AVAILABLE,md5-78259723,2026-06-06
LN-10344,PROMISSORY_NOTE,AVAILABLE,md5-87861127,2026-07-10
LN-10344,TITLE_POLICY,AVAILABLE,md5-11576195,2026-07-18
LN-10345,PROMISSORY_NOTE,AVAILABLE,md5-72360903,2026-08-19
LN-10345,TITLE_POLICY,AVAILABLE,md5-32308343,2026-08-20
LN-10346,PROMISSORY_NOTE,AVAILABLE,md5-60223068,2026-06-04
LN-10346,TITLE_POLICY,AVAILABLE,md5-60670300,2026-05-15
LN-10347,PROMISSORY_NOTE,AVAILABLE,md5-78113730,2026-05-26
LN-10347,TITLE_POLICY,AVAILABLE,md5-56890422,2026-08-12
LN-10348,PROMISSORY_NOTE,AVAILABLE,md5-92151642,2026-05-15
LN-10348,TITLE_POLICY,AVAILABLE,md5-52039919,2026-07-28
LN-10349,PROMISSORY_NOTE,AVAILABLE,md5-70155720,2026-06-19
LN-10349,TITLE_POLICY,AVAILABLE,md5-44544778,2026-06-03
LN-10350,PROMISSORY_NOTE,AVAILABLE,md5-34381903,2026-07-02
LN-10350,TITLE_POLICY,AVAILABLE,md5-67329583,2026-06-01
LN-10351,PROMISSORY_NOTE,AVAILABLE,md5-98306222,2026-07-26
LN-10351,TITLE_POLICY,AVAILABLE,md5-31469242,2026-05-01
LN-10352,PROMISSORY_NOTE,AVAILABLE,md5-90226319,2026-05-19
LN-10352,TITLE_POLICY,AVAILABLE,md5-52484260,2026-06-29
LN-10353,PROMISSORY_NOTE,AVAILABLE,md5-41295743,2026-07-18
LN-10353,TITLE_POLICY,AVAILABLE,md5-34828471,2026-06-25
LN-10354,PROMISSORY_NOTE,AVAILABLE,md5-76841520,2026-06-22
LN-10354,TITLE_POLICY,AVAILABLE,md5-52802943,2026-05-12
LN-10355,PROMISSORY_NOTE,AVAILABLE,md5-32883633,2026-08-01
LN-10355,TITLE_POLICY,AVAILABLE,md5-58142922,2026-06-10
LN-10356,PROMISSORY_NOTE,AVAILABLE,md5-30617314,2026-08-19
LN-10356,TITLE_POLICY,AVAILABLE,md5-66151444,2026-08-11
LN-10357,PROMISSORY_NOTE,AVAILABLE,md5-63602194,2026-07-08
LN-10357,TITLE_POLICY,AVAILABLE,md5-82844920,2026-08-11
LN-10358,PROMISSORY_NOTE,AVAILABLE,md5-29026689,2026-05-10
LN-10358,TITLE_POLICY,AVAILABLE,md5-91146225,2026-08-04
LN-10359,PROMISSORY_NOTE,AVAILABLE,md5-13728160,2026-05-30
LN-10359,TITLE_POLICY,AVAILABLE,md5-59510965,2026-06-09
LN-10360,PROMISSORY_NOTE,AVAILABLE,md5-31161829,2026-08-02
LN-10360,TITLE_POLICY,AVAILABLE,md5-89527918,2026-07-16
LN-10361,PROMISSORY_NOTE,AVAILABLE,md5-25706912,2026-08-12
LN-10361,TITLE_POLICY,AVAILABLE,md5-53295997,2026-05-03
LN-10362,PROMISSORY_NOTE,AVAILABLE,md5-65098084,2026-07-25
LN-10362,TITLE_POLICY,AVAILABLE,md5-15642716,2026-08-02
LN-10363,PROMISSORY_NOTE,AVAILABLE,md5-89378026,2026-07-12
LN-10363,TITLE_POLICY,AVAILABLE,md5-52386580,2026-05-17
LN-10364,PROMISSORY_NOTE,AVAILABLE,md5-99233384,2026-05-24
LN-10364,TITLE_POLICY,AVAILABLE,md5-88056420,2026-07-01
LN-10365,PROMISSORY_NOTE,AVAILABLE,md5-41217887,2026-06-27
LN-10365,TITLE_POLICY,AVAILABLE,md5-42797947,2026-06-23
LN-10366,PROMISSORY_NOTE,AVAILABLE,md5-99707782,2026-05-21
LN-10366,TITLE_POLICY,AVAILABLE,md5-30692256,2026-05-31
LN-10367,PROMISSORY_NOTE,AVAILABLE,md5-64842108,2026-07-30
LN-10367,TITLE_POLICY,AVAILABLE,md5-93540199,2026-05-21
LN-10368,PROMISSORY_NOTE,AVAILABLE,md5-49816893,2026-05-28
LN-10368,TITLE_POLICY,AVAILABLE,md5-34143808,2026-08-16
LN-10369,PROMISSORY_NOTE,AVAILABLE,md5-67910178,2026-07-04
LN-10369,TITLE_POLICY,AVAILABLE,md5-20200250,2026-07-10
LN-10370,PROMISSORY_NOTE,AVAILABLE,md5-99019281,2026-07-19
LN-10370,TITLE_POLICY,AVAILABLE,md5-93685072,2026-06-17
LN-10371,PROMISSORY_NOTE,AVAILABLE,md5-13632984,2026-05-31
LN-10371,TITLE_POLICY,AVAILABLE,md5-99767928,2026-06-12
LN-10372,PROMISSORY_NOTE,AVAILABLE,md5-55586036,2026-08-09
LN-10372,TITLE_POLICY,AVAILABLE,md5-36109610,2026-07-26
LN-10373,PROMISSORY_NOTE,AVAILABLE,md5-24357156,2026-07-24
LN-10373,TITLE_POLICY,AVAILABLE,md5-97872518,2026-06-14
LN-10374,PROMISSORY_NOTE,AVAILABLE,md5-15428771,2026-08-16
LN-10374,TITLE_POLICY,AVAILABLE,md5-46589276,2026-06-09
LN-10375,PROMISSORY_NOTE,AVAILABLE,md5-81730341,2026-05-04
LN-10375,TITLE_POLICY,AVAILABLE,md5-40125106,2026-05-23
LN-10376,PROMISSORY_NOTE,AVAILABLE,md5-31076736,2026-08-13
LN-10376,TITLE_POLICY,AVAILABLE,md5-96216933,2026-08-11
LN-10377,PROMISSORY_NOTE,AVAILABLE,md5-33727039,2026-05-05
LN-10377,TITLE_POLICY,AVAILABLE,md5-30379621,2026-08-09
LN-10378,PROMISSORY_NOTE,AVAILABLE,md5-33205676,2026-05-13
LN-10378,TITLE_POLICY,AVAILABLE,md5-20236711,2026-07-05
LN-10379,PROMISSORY_NOTE,AVAILABLE,md5-49738181,2026-06-17
LN-10379,TITLE_POLICY,AVAILABLE,md5-98952299,2026-04-30
LN-10380,PROMISSORY_NOTE,AVAILABLE,md5-25119992,2026-05-22
LN-10380,TITLE_POLICY,AVAILABLE,md5-59994691,2026-06-14
LN-10381,PROMISSORY_NOTE,AVAILABLE,md5-30623050,2026-05-02
LN-10381,TITLE_POLICY,AVAILABLE,md5-68443796,2026-06-13
LN-10382,PROMISSORY_NOTE,AVAILABLE,md5-65989780,2026-06-14
LN-10382,TITLE_POLICY,AVAILABLE,md5-77042229,2026-07-01
LN-10383,PROMISSORY_NOTE,AVAILABLE,md5-49990742,2026-04-29
LN-10383,TITLE_POLICY,AVAILABLE,md5-11132274,2026-08-08
LN-10384,PROMISSORY_NOTE,AVAILABLE,md5-88228686,2026-08-07
LN-10384,TITLE_POLICY,AVAILABLE,md5-81247910,2026-07-11
LN-10385,PROMISSORY_NOTE,AVAILABLE,md5-45184355,2026-06-11
LN-10385,TITLE_POLICY,AVAILABLE,md5-82106291,2026-08-14
LN-10386,PROMISSORY_NOTE,AVAILABLE,md5-62272894,2026-07-13
LN-10386,TITLE_POLICY,AVAILABLE,md5-51016226,2026-05-17
LN-10387,PROMISSORY_NOTE,AVAILABLE,md5-27926819,2026-05-06
LN-10387,TITLE_POLICY,AVAILABLE,md5-10128848,2026-08-16
LN-10388,PROMISSORY_NOTE,AVAILABLE,md5-62112332,2026-07-30
LN-10388,TITLE_POLICY,AVAILABLE,md5-86506421,2026-06-18
LN-10389,PROMISSORY_NOTE,AVAILABLE,md5-76817345,2026-06-26
LN-10389,TITLE_POLICY,AVAILABLE,md5-95668618,2026-06-15
LN-10390,PROMISSORY_NOTE,AVAILABLE,md5-74483772,2026-07-21
LN-10390,TITLE_POLICY,AVAILABLE,md5-52101199,2026-06-16
LN-10391,PROMISSORY_NOTE,AVAILABLE,md5-53928419,2026-05-14
LN-10391,TITLE_POLICY,AVAILABLE,md5-62038466,2026-06-01
LN-10392,PROMISSORY_NOTE,AVAILABLE,md5-63918832,2026-07-16
LN-10392,TITLE_POLICY,AVAILABLE,md5-63592573,2026-05-18
LN-10393,PROMISSORY_NOTE,AVAILABLE,md5-51713824,2026-05-14
LN-10393,TITLE_POLICY,AVAILABLE,md5-25938617,2026-06-06
LN-10394,PROMISSORY_NOTE,AVAILABLE,md5-68430937,2026-05-21
LN-10394,TITLE_POLICY,AVAILABLE,md5-27354510,2026-07-25
LN-10395,PROMISSORY_NOTE,AVAILABLE,md5-49754525,2026-05-29
LN-10395,TITLE_POLICY,AVAILABLE,md5-34198463,2026-08-07
LN-10396,PROMISSORY_NOTE,AVAILABLE,md5-91941937,2026-08-03
LN-10396,TITLE_POLICY,AVAILABLE,md5-68534862,2026-05-10
LN-10397,PROMISSORY_NOTE,AVAILABLE,md5-29438830,2026-07-30
LN-10397,TITLE_POLICY,AVAILABLE,md5-20080250,2026-07-28
LN-10398,PROMISSORY_NOTE,AVAILABLE,md5-34564761,2026-08-19
LN-10398,TITLE_POLICY,AVAILABLE,md5-51022074,2026-05-25
LN-10399,PROMISSORY_NOTE,AVAILABLE,md5-18585082,2026-08-16
LN-10399,TITLE_POLICY,AVAILABLE,md5-48161067,2026-08-01
LN-10400,PROMISSORY_NOTE,AVAILABLE,md5-92105579,2026-07-20
LN-10400,TITLE_POLICY,AVAILABLE,md5-81390079,2026-07-25
LN-10401,PROMISSORY_NOTE,AVAILABLE,md5-25135451,2026-07-16
LN-10401,TITLE_POLICY,AVAILABLE,md5-75175799,2026-06-17
LN-10402,PROMISSORY_NOTE,AVAILABLE,md5-86282908,2026-05-15
LN-10402,TITLE_POLICY,AVAILABLE,md5-25021199,2026-08-10
LN-10403,PROMISSORY_NOTE,AVAILABLE,md5-73224527,2026-05-03
LN-10403,TITLE_POLICY,AVAILABLE,md5-92543545,2026-06-25
LN-10404,PROMISSORY_NOTE,AVAILABLE,md5-30592253,2026-05-08
LN-10404,TITLE_POLICY,AVAILABLE,md5-64526122,2026-06-07
LN-10405,PROMISSORY_NOTE,AVAILABLE,md5-91793674,2026-06-06
LN-10405,TITLE_POLICY,AVAILABLE,md5-92270938,2026-07-17
LN-10406,PROMISSORY_NOTE,AVAILABLE,md5-87224493,2026-05-25
LN-10406,TITLE_POLICY,AVAILABLE,md5-80712066,2026-08-09
LN-10407,PROMISSORY_NOTE,AVAILABLE,md5-97468040,2026-08-01
LN-10407,TITLE_POLICY,AVAILABLE,md5-78945937,2026-05-24
LN-10408,PROMISSORY_NOTE,AVAILABLE,md5-36731136,2026-08-07
LN-10408,TITLE_POLICY,AVAILABLE,md5-83759721,2026-08-19
LN-10409,PROMISSORY_NOTE,AVAILABLE,md5-17652163,2026-07-24
LN-10409,TITLE_POLICY,AVAILABLE,md5-67980848,2026-06-28
LN-10410,PROMISSORY_NOTE,AVAILABLE,md5-65005289,2026-08-19
LN-10410,TITLE_POLICY,AVAILABLE,md5-32560859,2026-05-23
LN-10411,PROMISSORY_NOTE,AVAILABLE,md5-10286011,2026-08-14
LN-10411,TITLE_POLICY,AVAILABLE,md5-10722446,2026-07-08
LN-10412,PROMISSORY_NOTE,AVAILABLE,md5-36401764,2026-05-18
LN-10412,TITLE_POLICY,AVAILABLE,md5-31648467,2026-06-13
LN-10413,PROMISSORY_NOTE,AVAILABLE,md5-55185815,2026-07-28
LN-10413,TITLE_POLICY,AVAILABLE,md5-83010662,2026-07-02
LN-10414,PROMISSORY_NOTE,AVAILABLE,md5-35307028,2026-05-02
LN-10414,TITLE_POLICY,AVAILABLE,md5-22933377,2026-08-21
LN-10415,PROMISSORY_NOTE,AVAILABLE,md5-53186631,2026-06-02
LN-10415,TITLE_POLICY,AVAILABLE,md5-16229481,2026-07-11
LN-10416,PROMISSORY_NOTE,AVAILABLE,md5-34086771,2026-07-18
LN-10416,TITLE_POLICY,AVAILABLE,md5-42785604,2026-04-30
LN-10417,PROMISSORY_NOTE,AVAILABLE,md5-81062939,2026-04-28
LN-10417,TITLE_POLICY,AVAILABLE,md5-41533557,2026-06-12
LN-10418,PROMISSORY_NOTE,AVAILABLE,md5-10256489,2026-07-07
LN-10418,TITLE_POLICY,AVAILABLE,md5-84242633,2026-05-25
LN-10419,PROMISSORY_NOTE,AVAILABLE,md5-31721638,2026-06-29
LN-10419,TITLE_POLICY,AVAILABLE,md5-92670664,2026-07-31
LN-10420,PROMISSORY_NOTE,AVAILABLE,md5-98581654,2026-05-14
LN-10420,TITLE_POLICY,AVAILABLE,md5-85773321,2026-05-15
LN-10421,PROMISSORY_NOTE,AVAILABLE,md5-92069403,2026-08-14
LN-10421,TITLE_POLICY,AVAILABLE,md5-18004919,2026-06-25
LN-10422,PROMISSORY_NOTE,AVAILABLE,md5-63433094,2026-06-14
LN-10422,TITLE_POLICY,AVAILABLE,md5-68008304,2026-08-01
LN-10423,PROMISSORY_NOTE,AVAILABLE,md5-71389663,2026-05-17
LN-10423,TITLE_POLICY,AVAILABLE,md5-68538757,2026-07-21
LN-10424,PROMISSORY_NOTE,AVAILABLE,md5-40486002,2026-07-30
LN-10424,TITLE_POLICY,AVAILABLE,md5-84599555,2026-04-30
LN-10425,PROMISSORY_NOTE,AVAILABLE,md5-37757450,2026-05-01
LN-10425,TITLE_POLICY,AVAILABLE,md5-77323835,2026-06-04
LN-10426,PROMISSORY_NOTE,AVAILABLE,md5-61722751,2026-05-27
LN-10426,TITLE_POLICY,AVAILABLE,md5-37359832,2026-07-25
LN-10427,PROMISSORY_NOTE,AVAILABLE,md5-74914697,2026-06-30
LN-10427,TITLE_POLICY,AVAILABLE,md5-21180576,2026-06-18
LN-10428,PROMISSORY_NOTE,AVAILABLE,md5-55127018,2026-06-01
LN-10428,TITLE_POLICY,AVAILABLE,md5-25306822,2026-04-30
LN-10429,PROMISSORY_NOTE,AVAILABLE,md5-94705607,2026-06-13
LN-10429,TITLE_POLICY,AVAILABLE,md5-64021354,2026-07-30
LN-10430,PROMISSORY_NOTE,AVAILABLE,md5-63371598,2026-06-24
LN-10430,TITLE_POLICY,AVAILABLE,md5-24059958,2026-07-21
LN-10431,PROMISSORY_NOTE,AVAILABLE,md5-68257666,2026-06-12
LN-10431,TITLE_POLICY,AVAILABLE,md5-50896516,2026-05-14
LN-10432,PROMISSORY_NOTE,AVAILABLE,md5-24584120,2026-08-21
LN-10432,TITLE_POLICY,AVAILABLE,md5-19983865,2026-07-28
LN-10433,PROMISSORY_NOTE,AVAILABLE,md5-30810799,2026-05-29
LN-10433,TITLE_POLICY,AVAILABLE,md5-77892895,2026-05-12
LN-10434,PROMISSORY_NOTE,AVAILABLE,md5-31052222,2026-07-27
LN-10434,TITLE_POLICY,AVAILABLE,md5-40280704,2026-05-22
LN-10435,PROMISSORY_NOTE,AVAILABLE,md5-91708236,2026-08-02
LN-10435,TITLE_POLICY,AVAILABLE,md5-23307600,2026-05-27
LN-10436,PROMISSORY_NOTE,AVAILABLE,md5-82553306,2026-05-05
LN-10436,TITLE_POLICY,AVAILABLE,md5-78196270,2026-05-20
LN-10437,PROMISSORY_NOTE,AVAILABLE,md5-40038699,2026-07-08
LN-10437,TITLE_POLICY,AVAILABLE,md5-35076564,2026-06-23
LN-10438,PROMISSORY_NOTE,AVAILABLE,md5-90542263,2026-05-20
LN-10438,TITLE_POLICY,AVAILABLE,md5-18496074,2026-06-15
LN-10439,PROMISSORY_NOTE,AVAILABLE,md5-74004504,2026-07-11
LN-10439,TITLE_POLICY,AVAILABLE,md5-12655477,2026-07-01
LN-10440,PROMISSORY_NOTE,AVAILABLE,md5-74730322,2026-06-19
LN-10440,TITLE_POLICY,AVAILABLE,md5-61760093,2026-08-09
LN-10441,PROMISSORY_NOTE,AVAILABLE,md5-97327774,2026-08-16
LN-10441,TITLE_POLICY,AVAILABLE,md5-66705907,2026-05-17
LN-10442,PROMISSORY_NOTE,AVAILABLE,md5-94443038,2026-05-21
LN-10442,TITLE_POLICY,AVAILABLE,md5-59691975,2026-05-08
LN-10443,PROMISSORY_NOTE,AVAILABLE,md5-88114875,2026-07-31
LN-10443,TITLE_POLICY,AVAILABLE,md5-10842074,2026-06-01
LN-10444,PROMISSORY_NOTE,AVAILABLE,md5-82239506,2026-06-16
LN-10444,TITLE_POLICY,AVAILABLE,md5-23482325,2026-05-04
LN-10445,PROMISSORY_NOTE,AVAILABLE,md5-97803786,2026-05-09
LN-10445,TITLE_POLICY,AVAILABLE,md5-45755742,2026-07-21
LN-10446,PROMISSORY_NOTE,AVAILABLE,md5-20074430,2026-06-03
LN-10446,TITLE_POLICY,AVAILABLE,md5-27104124,2026-06-23
LN-10447,PROMISSORY_NOTE,AVAILABLE,md5-91429734,2026-06-26
LN-10447,TITLE_POLICY,AVAILABLE,md5-64995923,2026-08-07
LN-10448,PROMISSORY_NOTE,AVAILABLE,md5-71826632,2026-06-18
LN-10448,TITLE_POLICY,AVAILABLE,md5-24853741,2026-07-07
LN-10449,PROMISSORY_NOTE,AVAILABLE,md5-89647594,2026-06-29
LN-10449,TITLE_POLICY,AVAILABLE,md5-87786608,2026-05-04
LN-10450,PROMISSORY_NOTE,EXPIRED,md5-81570396,2026-05-31
LN-10450,TITLE_POLICY,EXPIRED,md5-43145043,2026-06-13
LN-10451,PROMISSORY_NOTE,AVAILABLE,md5-50118830,2026-07-08
LN-10451,TITLE_POLICY,AVAILABLE,md5-98683176,2026-06-19
LN-10452,PROMISSORY_NOTE,AVAILABLE,md5-33916938,2026-05-19
LN-10452,TITLE_POLICY,AVAILABLE,md5-12232886,2026-05-22
LN-10453,PROMISSORY_NOTE,AVAILABLE,md5-30223295,2026-05-24
LN-10453,TITLE_POLICY,AVAILABLE,md5-62450843,2026-07-04
LN-10454,PROMISSORY_NOTE,AVAILABLE,md5-59477949,2026-05-24
LN-10454,TITLE_POLICY,AVAILABLE,md5-63586934,2026-06-14
LN-10455,PROMISSORY_NOTE,AVAILABLE,md5-61602986,2026-05-16
LN-10455,TITLE_POLICY,AVAILABLE,md5-32926391,2026-06-04
LN-10456,PROMISSORY_NOTE,AVAILABLE,md5-57499904,2026-06-09
LN-10456,TITLE_POLICY,AVAILABLE,md5-22643416,2026-08-04
LN-10457,PROMISSORY_NOTE,AVAILABLE,md5-53442625,2026-06-25
LN-10457,TITLE_POLICY,AVAILABLE,md5-37399209,2026-07-13
LN-10458,PROMISSORY_NOTE,AVAILABLE,md5-92777798,2026-06-18
LN-10458,TITLE_POLICY,AVAILABLE,md5-89614817,2026-06-10
LN-10459,PROMISSORY_NOTE,AVAILABLE,md5-31811407,2026-07-09
LN-10459,TITLE_POLICY,AVAILABLE,md5-53775151,2026-07-24
LN-10460,PROMISSORY_NOTE,AVAILABLE,md5-90845239,2026-07-18
LN-10460,TITLE_POLICY,AVAILABLE,md5-68405557,2026-06-02
LN-10461,PROMISSORY_NOTE,AVAILABLE,md5-95424475,2026-08-20
LN-10461,TITLE_POLICY,AVAILABLE,md5-69637989,2026-05-19
LN-10462,PROMISSORY_NOTE,AVAILABLE,md5-49978296,2026-04-30
LN-10462,TITLE_POLICY,AVAILABLE,md5-28321214,2026-06-08
LN-10463,PROMISSORY_NOTE,AVAILABLE,md5-91581531,2026-08-19
LN-10463,TITLE_POLICY,AVAILABLE,md5-69733842,2026-07-18
LN-10464,PROMISSORY_NOTE,AVAILABLE,md5-94208414,2026-06-22
LN-10464,TITLE_POLICY,AVAILABLE,md5-29155471,2026-05-16
LN-10465,PROMISSORY_NOTE,AVAILABLE,md5-92858314,2026-06-30
LN-10465,TITLE_POLICY,AVAILABLE,md5-66780992,2026-06-07
LN-10466,PROMISSORY_NOTE,AVAILABLE,md5-50871016,2026-08-13
LN-10466,TITLE_POLICY,AVAILABLE,md5-68770286,2026-06-09
LN-10467,PROMISSORY_NOTE,AVAILABLE,md5-93045325,2026-07-02
LN-10467,TITLE_POLICY,AVAILABLE,md5-75019257,2026-08-19
LN-10468,PROMISSORY_NOTE,AVAILABLE,md5-85488864,2026-08-21
LN-10468,TITLE_POLICY,AVAILABLE,md5-84255393,2026-05-13
LN-10469,PROMISSORY_NOTE,AVAILABLE,md5-89898336,2026-06-24
LN-10469,TITLE_POLICY,AVAILABLE,md5-51203973,2026-05-26
LN-10470,PROMISSORY_NOTE,AVAILABLE,md5-76844525,2026-07-20
LN-10470,TITLE_POLICY,AVAILABLE,md5-85047838,2026-07-07
LN-10471,PROMISSORY_NOTE,AVAILABLE,md5-92920642,2026-05-05
LN-10471,TITLE_POLICY,AVAILABLE,md5-86635447,2026-07-16
LN-10472,PROMISSORY_NOTE,AVAILABLE,md5-64442482,2026-07-17
LN-10472,TITLE_POLICY,AVAILABLE,md5-20102295,2026-06-17
LN-10473,PROMISSORY_NOTE,AVAILABLE,md5-35976666,2026-05-11
LN-10473,TITLE_POLICY,AVAILABLE,md5-91639621,2026-05-11
LN-10474,PROMISSORY_NOTE,AVAILABLE,md5-77654908,2026-05-05
LN-10474,TITLE_POLICY,AVAILABLE,md5-50569855,2026-08-07
LN-10475,PROMISSORY_NOTE,AVAILABLE,md5-65157243,2026-06-23
LN-10475,TITLE_POLICY,AVAILABLE,md5-42552076,2026-07-16
LN-10476,PROMISSORY_NOTE,AVAILABLE,md5-71516755,2026-06-16
LN-10476,TITLE_POLICY,AVAILABLE,md5-94545592,2026-07-09
LN-10477,PROMISSORY_NOTE,AVAILABLE,md5-37683464,2026-07-01
LN-10477,TITLE_POLICY,AVAILABLE,md5-88050960,2026-06-14
LN-10478,PROMISSORY_NOTE,AVAILABLE,md5-81567304,2026-08-08
LN-10478,TITLE_POLICY,AVAILABLE,md5-61112881,2026-07-15
LN-10479,PROMISSORY_NOTE,AVAILABLE,md5-88420719,2026-06-14
LN-10479,TITLE_POLICY,AVAILABLE,md5-13751973,2026-07-19
LN-10480,PROMISSORY_NOTE,AVAILABLE,md5-48925256,2026-07-12
LN-10480,TITLE_POLICY,AVAILABLE,md5-11325577,2026-05-12
LN-10481,PROMISSORY_NOTE,AVAILABLE,md5-91192063,2026-07-31
LN-10481,TITLE_POLICY,AVAILABLE,md5-98970427,2026-06-01
LN-10482,PROMISSORY_NOTE,AVAILABLE,md5-79091214,2026-05-10
LN-10482,TITLE_POLICY,AVAILABLE,md5-62948689,2026-05-01
LN-10483,PROMISSORY_NOTE,AVAILABLE,md5-11330468,2026-07-11
LN-10483,TITLE_POLICY,AVAILABLE,md5-32937991,2026-08-06
LN-10484,PROMISSORY_NOTE,AVAILABLE,md5-14214307,2026-08-01
LN-10484,TITLE_POLICY,AVAILABLE,md5-63481951,2026-08-04
LN-10485,PROMISSORY_NOTE,AVAILABLE,md5-71563112,2026-08-16
LN-10485,TITLE_POLICY,AVAILABLE,md5-63245195,2026-07-01
LN-10486,PROMISSORY_NOTE,AVAILABLE,md5-48906764,2026-06-12
LN-10486,TITLE_POLICY,AVAILABLE,md5-90776162,2026-04-28
LN-10487,PROMISSORY_NOTE,AVAILABLE,md5-18215004,2026-08-19
LN-10487,TITLE_POLICY,AVAILABLE,md5-83063326,2026-07-30
LN-10488,PROMISSORY_NOTE,AVAILABLE,md5-46313891,2026-06-14
LN-10488,TITLE_POLICY,AVAILABLE,md5-43911809,2026-07-07
LN-10489,PROMISSORY_NOTE,AVAILABLE,md5-79804420,2026-08-08
LN-10489,TITLE_POLICY,AVAILABLE,md5-39721110,2026-08-21
LN-10490,PROMISSORY_NOTE,AVAILABLE,md5-84662900,2026-05-01
LN-10490,TITLE_POLICY,AVAILABLE,md5-82427103,2026-06-09
LN-10491,PROMISSORY_NOTE,AVAILABLE,md5-84563921,2026-07-28
LN-10491,TITLE_POLICY,AVAILABLE,md5-99352149,2026-05-11
LN-10492,PROMISSORY_NOTE,AVAILABLE,md5-15522926,2026-07-10
LN-10492,TITLE_POLICY,AVAILABLE,md5-74755706,2026-07-13
LN-10493,PROMISSORY_NOTE,AVAILABLE,md5-99490648,2026-05-09
LN-10493,TITLE_POLICY,AVAILABLE,md5-82592611,2026-06-12
LN-10494,PROMISSORY_NOTE,AVAILABLE,md5-41804392,2026-06-03
LN-10494,TITLE_POLICY,AVAILABLE,md5-89860137,2026-05-19
LN-10495,PROMISSORY_NOTE,AVAILABLE,md5-73582537,2026-07-19
LN-10495,TITLE_POLICY,AVAILABLE,md5-24225241,2026-06-12
LN-10496,PROMISSORY_NOTE,AVAILABLE,md5-56658509,2026-06-29
LN-10496,TITLE_POLICY,AVAILABLE,md5-41750868,2026-08-20
LN-10497,PROMISSORY_NOTE,AVAILABLE,md5-30049084,2026-06-25
LN-10497,TITLE_POLICY,AVAILABLE,md5-59735453,2026-08-20
LN-10498,PROMISSORY_NOTE,AVAILABLE,md5-16340888,2026-08-21
LN-10498,TITLE_POLICY,AVAILABLE,md5-38568789,2026-08-16
LN-10499,PROMISSORY_NOTE,AVAILABLE,md5-56293495,2026-05-21
LN-10499,TITLE_POLICY,AVAILABLE,md5-62395558,2026-05-16
LN-10500,PROMISSORY_NOTE,AVAILABLE,md5-64129615,2026-08-08
LN-10500,TITLE_POLICY,AVAILABLE,md5-89480231,2026-04-30
LN-10501,PROMISSORY_NOTE,AVAILABLE,md5-90052851,2026-07-07
LN-10501,TITLE_POLICY,AVAILABLE,md5-96577053,2026-07-26
LN-10502,PROMISSORY_NOTE,AVAILABLE,md5-12320274,2026-07-07
LN-10502,TITLE_POLICY,AVAILABLE,md5-61996292,2026-07-15
LN-10503,PROMISSORY_NOTE,AVAILABLE,md5-23031387,2026-06-11
LN-10503,TITLE_POLICY,AVAILABLE,md5-45038777,2026-05-15
LN-10504,PROMISSORY_NOTE,AVAILABLE,md5-85877745,2026-07-28
LN-10504,TITLE_POLICY,AVAILABLE,md5-68824263,2026-06-13
LN-10505,PROMISSORY_NOTE,AVAILABLE,md5-99250285,2026-05-05
LN-10505,TITLE_POLICY,AVAILABLE,md5-49485474,2026-06-27
LN-10506,PROMISSORY_NOTE,AVAILABLE,md5-70240339,2026-06-10
LN-10506,TITLE_POLICY,AVAILABLE,md5-16950641,2026-06-18
LN-10507,PROMISSORY_NOTE,AVAILABLE,md5-74404694,2026-05-21
LN-10507,TITLE_POLICY,AVAILABLE,md5-12618007,2026-05-30
LN-10508,PROMISSORY_NOTE,AVAILABLE,md5-25879991,2026-06-15
LN-10508,TITLE_POLICY,AVAILABLE,md5-73364738,2026-08-01
LN-10509,PROMISSORY_NOTE,AVAILABLE,md5-65625918,2026-05-01
LN-10509,TITLE_POLICY,AVAILABLE,md5-96266975,2026-05-11
LN-10510,PROMISSORY_NOTE,AVAILABLE,md5-14686812,2026-08-18
LN-10510,TITLE_POLICY,AVAILABLE,md5-25166412,2026-06-02
LN-10511,PROMISSORY_NOTE,AVAILABLE,md5-37386444,2026-06-28
LN-10511,TITLE_POLICY,AVAILABLE,md5-59977478,2026-04-30
LN-10512,PROMISSORY_NOTE,AVAILABLE,md5-26492036,2026-08-15
LN-10512,TITLE_POLICY,AVAILABLE,md5-40994389,2026-07-18
LN-10513,PROMISSORY_NOTE,AVAILABLE,md5-49678304,2026-07-14
LN-10513,TITLE_POLICY,AVAILABLE,md5-43831592,2026-08-05
LN-10514,PROMISSORY_NOTE,AVAILABLE,md5-90725652,2026-06-06
LN-10514,TITLE_POLICY,AVAILABLE,md5-15807045,2026-07-02
LN-10515,PROMISSORY_NOTE,AVAILABLE,md5-74954396,2026-07-17
LN-10515,TITLE_POLICY,AVAILABLE,md5-99290377,2026-07-09
LN-10516,PROMISSORY_NOTE,AVAILABLE,md5-66631756,2026-06-11
LN-10516,TITLE_POLICY,AVAILABLE,md5-63803762,2026-05-09
LN-10517,PROMISSORY_NOTE,AVAILABLE,md5-60227662,2026-07-31
LN-10517,TITLE_POLICY,AVAILABLE,md5-50383896,2026-08-17
LN-10518,PROMISSORY_NOTE,AVAILABLE,md5-60711458,2026-08-03
LN-10518,TITLE_POLICY,AVAILABLE,md5-26917610,2026-08-07
LN-10519,PROMISSORY_NOTE,AVAILABLE,md5-53433833,2026-07-08
LN-10519,TITLE_POLICY,AVAILABLE,md5-92044858,2026-06-06
LN-10520,PROMISSORY_NOTE,AVAILABLE,md5-68544156,2026-05-02
LN-10520,TITLE_POLICY,AVAILABLE,md5-74114036,2026-08-04
LN-10521,PROMISSORY_NOTE,AVAILABLE,md5-52335811,2026-06-28
LN-10521,TITLE_POLICY,AVAILABLE,md5-33925710,2026-07-29
LN-10522,PROMISSORY_NOTE,AVAILABLE,md5-34266570,2026-08-06
LN-10522,TITLE_POLICY,AVAILABLE,md5-91737041,2026-08-20
LN-10523,PROMISSORY_NOTE,AVAILABLE,md5-54531458,2026-07-22
LN-10523,TITLE_POLICY,AVAILABLE,md5-38917860,2026-06-01
LN-10524,PROMISSORY_NOTE,AVAILABLE,md5-96908165,2026-05-29
LN-10524,TITLE_POLICY,AVAILABLE,md5-49580165,2026-06-26
LN-10525,PROMISSORY_NOTE,AVAILABLE,md5-13945942,2026-07-19
LN-10525,TITLE_POLICY,AVAILABLE,md5-76961753,2026-07-13
LN-10526,PROMISSORY_NOTE,AVAILABLE,md5-74478238,2026-04-28
LN-10526,TITLE_POLICY,AVAILABLE,md5-62183535,2026-07-14
LN-10527,PROMISSORY_NOTE,AVAILABLE,md5-82636467,2026-07-16
LN-10527,TITLE_POLICY,AVAILABLE,md5-53712070,2026-07-05
LN-10528,PROMISSORY_NOTE,AVAILABLE,md5-90166601,2026-07-24
LN-10528,TITLE_POLICY,AVAILABLE,md5-90635631,2026-06-27
LN-10529,PROMISSORY_NOTE,AVAILABLE,md5-53789552,2026-07-31
LN-10529,TITLE_POLICY,AVAILABLE,md5-22937099,2026-05-05
LN-10530,PROMISSORY_NOTE,AVAILABLE,md5-41106335,2026-06-14
LN-10530,TITLE_POLICY,AVAILABLE,md5-40229076,2026-07-12
LN-10531,PROMISSORY_NOTE,AVAILABLE,md5-10819619,2026-06-20
LN-10531,TITLE_POLICY,AVAILABLE,md5-20983796,2026-08-04
LN-10532,PROMISSORY_NOTE,AVAILABLE,md5-48583551,2026-07-10
LN-10532,TITLE_POLICY,AVAILABLE,md5-56667256,2026-07-25
LN-10533,PROMISSORY_NOTE,AVAILABLE,md5-23640196,2026-07-31
LN-10533,TITLE_POLICY,AVAILABLE,md5-89984645,2026-08-14
LN-10534,PROMISSORY_NOTE,AVAILABLE,md5-10446180,2026-05-19
LN-10534,TITLE_POLICY,AVAILABLE,md5-43438582,2026-07-02
LN-10535,PROMISSORY_NOTE,AVAILABLE,md5-27143066,2026-05-29
LN-10535,TITLE_POLICY,AVAILABLE,md5-34808116,2026-08-10
LN-10536,PROMISSORY_NOTE,AVAILABLE,md5-19125390,2026-05-22
LN-10536,TITLE_POLICY,AVAILABLE,md5-73391224,2026-07-22
LN-10537,PROMISSORY_NOTE,AVAILABLE,md5-95911762,2026-08-03
LN-10537,TITLE_POLICY,AVAILABLE,md5-95001070,2026-06-23
LN-10538,PROMISSORY_NOTE,AVAILABLE,md5-76391266,2026-08-01
LN-10538,TITLE_POLICY,AVAILABLE,md5-67122888,2026-05-15
LN-10539,PROMISSORY_NOTE,AVAILABLE,md5-46332731,2026-06-14
LN-10539,TITLE_POLICY,AVAILABLE,md5-96239997,2026-06-13
LN-10540,PROMISSORY_NOTE,AVAILABLE,md5-43068667,2026-06-03
LN-10540,TITLE_POLICY,AVAILABLE,md5-56507120,2026-06-11
LN-10541,PROMISSORY_NOTE,AVAILABLE,md5-53081879,2026-05-22
LN-10541,TITLE_POLICY,AVAILABLE,md5-53114614,2026-06-12
LN-10542,PROMISSORY_NOTE,AVAILABLE,md5-53583719,2026-07-31
LN-10542,TITLE_POLICY,AVAILABLE,md5-34285978,2026-06-08
LN-10543,PROMISSORY_NOTE,AVAILABLE,md5-99737085,2026-07-13
LN-10543,TITLE_POLICY,AVAILABLE,md5-32858779,2026-05-26
LN-10544,PROMISSORY_NOTE,AVAILABLE,md5-56476289,2026-08-04
LN-10544,TITLE_POLICY,AVAILABLE,md5-51960195,2026-08-09
LN-10545,PROMISSORY_NOTE,AVAILABLE,md5-64503164,2026-08-07
LN-10545,TITLE_POLICY,AVAILABLE,md5-77425226,2026-07-11
LN-10546,PROMISSORY_NOTE,AVAILABLE,md5-75666498,2026-07-05
LN-10546,TITLE_POLICY,AVAILABLE,md5-92536894,2026-08-11
LN-10547,PROMISSORY_NOTE,AVAILABLE,md5-70213653,2026-08-13
LN-10547,TITLE_POLICY,AVAILABLE,md5-17346961,2026-07-09
LN-10548,PROMISSORY_NOTE,AVAILABLE,md5-17009579,2026-06-15
LN-10548,TITLE_POLICY,AVAILABLE,md5-95460732,2026-08-15
LN-10549,PROMISSORY_NOTE,AVAILABLE,md5-58757651,2026-07-13
LN-10549,TITLE_POLICY,AVAILABLE,md5-90434851,2026-08-10
LN-10550,PROMISSORY_NOTE,AVAILABLE,md5-44671976,2026-06-25
LN-10550,TITLE_POLICY,AVAILABLE,md5-70949346,2026-07-13
LN-10551,PROMISSORY_NOTE,AVAILABLE,md5-46137452,2026-06-22
LN-10551,TITLE_POLICY,AVAILABLE,md5-40913171,2026-05-16
LN-10552,PROMISSORY_NOTE,AVAILABLE,md5-59139993,2026-06-01
LN-10552,TITLE_POLICY,AVAILABLE,md5-38833181,2026-07-07
LN-10553,PROMISSORY_NOTE,AVAILABLE,md5-28944305,2026-07-14
LN-10553,TITLE_POLICY,AVAILABLE,md5-68835737,2026-05-02
LN-10554,PROMISSORY_NOTE,AVAILABLE,md5-80991030,2026-05-20
LN-10554,TITLE_POLICY,AVAILABLE,md5-49701147,2026-08-07
LN-10555,PROMISSORY_NOTE,AVAILABLE,md5-71907135,2026-08-06
LN-10555,TITLE_POLICY,AVAILABLE,md5-57836153,2026-06-08
LN-10556,PROMISSORY_NOTE,AVAILABLE,md5-50302933,2026-05-24
LN-10556,TITLE_POLICY,AVAILABLE,md5-86648532,2026-06-24
LN-10557,PROMISSORY_NOTE,AVAILABLE,md5-36768222,2026-07-19
LN-10557,TITLE_POLICY,AVAILABLE,md5-48840591,2026-05-05
LN-10558,PROMISSORY_NOTE,AVAILABLE,md5-90937930,2026-07-26
LN-10558,TITLE_POLICY,AVAILABLE,md5-14918680,2026-07-10
LN-10559,PROMISSORY_NOTE,AVAILABLE,md5-41053688,2026-06-20
LN-10559,TITLE_POLICY,AVAILABLE,md5-78524204,2026-06-14
LN-10560,PROMISSORY_NOTE,AVAILABLE,md5-14064806,2026-07-24
LN-10560,TITLE_POLICY,AVAILABLE,md5-36204095,2026-08-06
LN-10561,PROMISSORY_NOTE,AVAILABLE,md5-81115416,2026-07-25
LN-10561,TITLE_POLICY,AVAILABLE,md5-66543954,2026-08-11
LN-10562,PROMISSORY_NOTE,AVAILABLE,md5-19213734,2026-05-25
LN-10562,TITLE_POLICY,AVAILABLE,md5-36983030,2026-07-22
LN-10563,PROMISSORY_NOTE,AVAILABLE,md5-96477790,2026-06-16
LN-10563,TITLE_POLICY,AVAILABLE,md5-90648127,2026-07-29
LN-10564,PROMISSORY_NOTE,AVAILABLE,md5-67327614,2026-08-17
LN-10564,TITLE_POLICY,AVAILABLE,md5-78850990,2026-06-22
LN-10565,PROMISSORY_NOTE,AVAILABLE,md5-77917874,2026-06-14
LN-10565,TITLE_POLICY,AVAILABLE,md5-33499185,2026-05-10
LN-10566,PROMISSORY_NOTE,AVAILABLE,md5-84734631,2026-08-13
LN-10566,TITLE_POLICY,AVAILABLE,md5-57328710,2026-05-12
LN-10567,PROMISSORY_NOTE,AVAILABLE,md5-33365734,2026-06-21
LN-10567,TITLE_POLICY,AVAILABLE,md5-82921170,2026-06-22
LN-10568,PROMISSORY_NOTE,AVAILABLE,md5-36346840,2026-08-20
LN-10568,TITLE_POLICY,AVAILABLE,md5-48284400,2026-05-08
LN-10569,PROMISSORY_NOTE,AVAILABLE,md5-84470967,2026-06-27
LN-10569,TITLE_POLICY,AVAILABLE,md5-34689953,2026-07-12
LN-10570,PROMISSORY_NOTE,AVAILABLE,md5-18401342,2026-07-12
LN-10570,TITLE_POLICY,AVAILABLE,md5-34365789,2026-08-06
LN-10571,PROMISSORY_NOTE,AVAILABLE,md5-69749751,2026-05-25
LN-10571,TITLE_POLICY,AVAILABLE,md5-51034327,2026-06-30
LN-10572,PROMISSORY_NOTE,AVAILABLE,md5-53850908,2026-05-07
LN-10572,TITLE_POLICY,AVAILABLE,md5-98703668,2026-07-25
LN-10573,PROMISSORY_NOTE,AVAILABLE,md5-53947932,2026-05-20
LN-10573,TITLE_POLICY,AVAILABLE,md5-40390409,2026-06-21
LN-10574,PROMISSORY_NOTE,AVAILABLE,md5-78700401,2026-08-15
LN-10574,TITLE_POLICY,AVAILABLE,md5-23626745,2026-06-17
LN-10575,PROMISSORY_NOTE,AVAILABLE,md5-85769270,2026-05-03
LN-10575,TITLE_POLICY,AVAILABLE,md5-24412290,2026-07-07
LN-10576,PROMISSORY_NOTE,AVAILABLE,md5-67023177,2026-05-26
LN-10576,TITLE_POLICY,AVAILABLE,md5-74205221,2026-07-28
LN-10577,PROMISSORY_NOTE,AVAILABLE,md5-49263700,2026-07-17
LN-10577,TITLE_POLICY,AVAILABLE,md5-61206200,2026-06-19
LN-10578,PROMISSORY_NOTE,AVAILABLE,md5-21760471,2026-05-19
LN-10578,TITLE_POLICY,AVAILABLE,md5-74315902,2026-06-26
LN-10579,PROMISSORY_NOTE,AVAILABLE,md5-60855083,2026-08-01
LN-10579,TITLE_POLICY,AVAILABLE,md5-89522643,2026-05-10
LN-10580,PROMISSORY_NOTE,AVAILABLE,md5-63350270,2026-06-07
LN-10580,TITLE_POLICY,AVAILABLE,md5-18765008,2026-07-13
LN-10581,PROMISSORY_NOTE,AVAILABLE,md5-40129718,2026-07-26
LN-10581,TITLE_POLICY,AVAILABLE,md5-63157438,2026-08-04
LN-10582,PROMISSORY_NOTE,AVAILABLE,md5-88874493,2026-06-05
LN-10582,TITLE_POLICY,AVAILABLE,md5-87254618,2026-07-20
LN-10583,PROMISSORY_NOTE,AVAILABLE,md5-60475340,2026-06-02
LN-10583,TITLE_POLICY,AVAILABLE,md5-67715183,2026-07-19
LN-10584,PROMISSORY_NOTE,AVAILABLE,md5-55829321,2026-08-15
LN-10584,TITLE_POLICY,AVAILABLE,md5-91817970,2026-06-07
LN-10585,PROMISSORY_NOTE,AVAILABLE,md5-87190704,2026-06-08
LN-10585,TITLE_POLICY,AVAILABLE,md5-13891393,2026-05-25
LN-10586,PROMISSORY_NOTE,AVAILABLE,md5-14956822,2026-08-07
LN-10586,TITLE_POLICY,AVAILABLE,md5-16472544,2026-06-14
LN-10587,PROMISSORY_NOTE,AVAILABLE,md5-89937042,2026-06-12
LN-10587,TITLE_POLICY,AVAILABLE,md5-55672189,2026-06-21
LN-10588,PROMISSORY_NOTE,AVAILABLE,md5-40584869,2026-06-09
LN-10588,TITLE_POLICY,AVAILABLE,md5-12276587,2026-06-14
LN-10589,PROMISSORY_NOTE,AVAILABLE,md5-41400578,2026-05-07
LN-10589,TITLE_POLICY,AVAILABLE,md5-55685117,2026-08-01
LN-10590,PROMISSORY_NOTE,AVAILABLE,md5-22777482,2026-05-23
LN-10590,TITLE_POLICY,AVAILABLE,md5-21406410,2026-06-13
LN-10591,PROMISSORY_NOTE,AVAILABLE,md5-89785859,2026-06-30
LN-10591,TITLE_POLICY,AVAILABLE,md5-99063008,2026-06-16
LN-10592,PROMISSORY_NOTE,AVAILABLE,md5-48991508,2026-04-28
LN-10592,TITLE_POLICY,AVAILABLE,md5-48586233,2026-07-31
LN-10593,PROMISSORY_NOTE,AVAILABLE,md5-97315490,2026-07-15
LN-10593,TITLE_POLICY,AVAILABLE,md5-62326451,2026-07-17
LN-10594,PROMISSORY_NOTE,AVAILABLE,md5-79068413,2026-05-14
LN-10594,TITLE_POLICY,AVAILABLE,md5-79350676,2026-07-14
LN-10595,PROMISSORY_NOTE,AVAILABLE,md5-93114754,2026-05-17
LN-10595,TITLE_POLICY,AVAILABLE,md5-99924796,2026-06-04
LN-10596,PROMISSORY_NOTE,AVAILABLE,md5-71447718,2026-06-08
LN-10596,TITLE_POLICY,AVAILABLE,md5-59756143,2026-06-26
LN-10597,PROMISSORY_NOTE,AVAILABLE,md5-32910504,2026-06-11
LN-10597,TITLE_POLICY,AVAILABLE,md5-59786086,2026-05-08
LN-10598,PROMISSORY_NOTE,AVAILABLE,md5-75804038,2026-07-10
LN-10598,TITLE_POLICY,AVAILABLE,md5-95242946,2026-05-23
LN-10599,PROMISSORY_NOTE,AVAILABLE,md5-86640291,2026-07-08
LN-10599,TITLE_POLICY,AVAILABLE,md5-79779701,2026-08-05
LN-10600,PROMISSORY_NOTE,AVAILABLE,md5-79566756,2026-05-19
LN-10600,TITLE_POLICY,AVAILABLE,md5-24919894,2026-05-06
