loan_id,current_balance,payment_status,days_past_due,last_payment_date,servicer_name,update_timestamp
LN-10001,211447.88,DELINQUENT_60,60,2026-07-20,Beacon Servicing Group,2026-08-26 03:44:07
LN-10002,383370.18,CURRENT,0,2026-08-15,Citadel Loan Partners,2026-08-25 22:44:07
LN-10003,249310.49,CURRENT,0,2026-06-27,Evergreen Capital Servicing,2026-08-25 19:44:07
LN-10004,71426.39,CURRENT,0,2026-07-29,Beacon Servicing Group,2026-08-26 15:44:07
LN-10005,488001.94,CURRENT,0,2026-08-07,Evergreen Capital Servicing,2026-08-25 17:44:07
LN-10006,60845.33,CURRENT,0,2026-08-12,Delta Servicing Co.,2026-08-26 16:44:07
LN-10007,294204.4,CURRENT,0,2026-06-27,Apex Mortgage Servicing,2026-08-26 04:44:07
LN-10008,381156.29,CURRENT,0,2026-07-04,Evergreen Capital Servicing,2026-08-26 16:44:07
LN-10009,152492.36,CURRENT,0,2026-06-29,Citadel Loan Partners,2026-08-26 08:44:07
LN-10010,444366.38,DELINQUENT_90,90,2026-08-06,Citadel Loan Partners,2026-08-25 17:44:07
LN-10011,361231.46,CURRENT,0,2026-07-25,Evergreen Capital Servicing,2026-08-26 02:44:07
LN-10012,235415.87,DELINQUENT_30,30,2026-07-17,Evergreen Capital Servicing,2026-08-26 06:44:07
LN-10013,506123.99,CURRENT,0,2026-08-13,Evergreen Capital Servicing,2026-08-25 18:44:07
LN-10014,306884.01,CURRENT,0,2026-08-18,Apex Mortgage Servicing,2026-08-26 03:44:07
LN-10016,500843.2,CURRENT,0,2026-07-02,Citadel Loan Partners,2026-08-25 19:44:07
LN-10017,379376.02,CURRENT,0,2026-08-18,Evergreen Capital Servicing,2026-08-26 08:44:07
LN-10018,261069.23,DELINQUENT_60,60,2026-08-14,Delta Servicing Co.,2026-08-26 16:44:07
LN-10019,256121.26,CURRENT,0,2026-07-23,Citadel Loan Partners,2026-08-26 04:44:07
LN-10020,450374.07,CURRENT,0,2026-08-03,Citadel Loan Partners,2026-08-26 07:44:07
LN-10021,289041.35,CURRENT,0,2026-08-12,Evergreen Capital Servicing,2026-08-25 18:44:07
LN-10022,139306.41,CURRENT,0,2026-07-03,Citadel Loan Partners,2026-08-26 09:44:07
LN-10023,349076.06,CURRENT,0,2026-08-19,Beacon Servicing Group,2026-08-26 16:44:07
LN-10024,377954.21,CURRENT,0,2026-07-26,Beacon Servicing Group,2026-08-25 23:44:07
LN-10025,359481.76,CURRENT,0,2026-07-30,Delta Servicing Co.,2026-08-26 04:44:07
LN-10026,154654.42,CURRENT,0,2026-08-20,Citadel Loan Partners,2026-08-25 22:44:07
LN-10027,691672.8,CURRENT,0,2026-08-19,Citadel Loan Partners,2026-08-25 21:44:07
LN-10028,382160.44,CURRENT,0,2026-07-20,Citadel Loan Partners,2026-08-26 00:44:07
LN-10029,0.0,PAID_OFF,0,2026-08-08,Citadel Loan Partners,2026-08-26 05:44:07
LN-10020,314646.4,CURRENT,0,2026-06-30,Apex Mortgage Servicing,2026-08-26 10:44:07
LN-10031,57992.95,CURRENT,0,2026-07-27,Delta Servicing Co.,2026-08-25 23:44:07
LN-10032,308823.71,CURRENT,0,2026-07-01,Beacon Servicing Group,2026-08-25 23:44:07
LN-10033,456188.35,CURRENT,0,2026-07-24,Delta Servicing Co.,2026-08-25 23:44:07
LN-10034,417316.9,CURRENT,0,2026-08-07,Beacon Servicing Group,2026-08-25 22:44:07
LN-10035,0.0,PAID_OFF,0,2026-08-02,Citadel Loan Partners,2026-08-26 11:44:07
LN-10036,319404.41,CURRENT,0,2026-07-06,Delta Servicing Co.,2026-08-26 02:44:07
LN-10037,55934.13,CURRENT,0,2026-08-08,Citadel Loan Partners,2026-08-26 00:44:07
LN-10038,379752.13,CURRENT,0,2026-07-03,Apex Mortgage Servicing,2026-08-26 03:44:07
LN-10039,466960.32,CURRENT,0,2026-07-14,Beacon Servicing Group,2026-08-26 00:44:07
LN-10040,284374.28,CURRENT,0,2026-07-08,Apex Mortgage Servicing,2026-08-25 22:44:07
LN-10041,60127.48,CURRENT,0,2026-07-12,Citadel Loan Partners,2026-08-26 00:44:07
LN-10042,299931.94,CURRENT,0,2026-08-04,Apex Mortgage Servicing,2026-08-25 19:44:07
LN-10043,430888.19,CURRENT,0,2026-07-08,Evergreen Capital Servicing,2026-08-25 21:44:07
LN-10044,158181.2,CURRENT,0,2026-07-27,Beacon Servicing Group,2026-08-26 16:44:07
LN-10045,233173.33,CURRENT,0,2026-07-06,Apex Mortgage Servicing,2026-08-25 22:44:07
LN-10046,506971.76,CURRENT,0,2026-08-03,Beacon Servicing Group,2026-08-26 05:44:07
LN-10047,494159.44,DELINQUENT_30,30,2026-08-03,Evergreen Capital Servicing,2026-08-26 14:44:07
LN-10048,625414.57,CURRENT,0,2026-08-12,Beacon Servicing Group,2026-08-26 04:44:07
LN-10049,353582.92,CURRENT,0,2026-07-25,Evergreen Capital Servicing,2026-08-25 21:44:07
LN-10050,298569.06,DELINQUENT_30,30,2026-07-26,Apex Mortgage Servicing,2026-08-26 09:44:07
LN-10051,148967.32,CURRENT,0,2026-08-14,Delta Servicing Co.,2026-08-26 14:44:07
LN-10052,138965.2,CURRENT,0,2026-08-04,Delta Servicing Co.,2026-08-25 18:44:07
LN-10053,299312.14,CURRENT,0,2026-07-15,Evergreen Capital Servicing,2026-08-26 05:44:07
LN-10054,328644.18,CURRENT,0,2026-06-28,Apex Mortgage Servicing,2026-08-25 20:44:07
LN-10055,155880.66,CURRENT,0,2026-06-27,Delta Servicing Co.,2026-08-25 23:44:07
LN-10056,67588.15,CURRENT,0,2026-07-08,Delta Servicing Co.,2026-08-26 11:44:07
LN-10057,427624.34,CURRENT,0,2026-08-14,Delta Servicing Co.,2026-08-26 07:44:07
LN-10058,347026.08,CURRENT,0,2026-07-05,Evergreen Capital Servicing,2026-08-25 23:44:07
LN-10059,543673.26,CURRENT,0,2026-07-17,Citadel Loan Partners,2026-08-25 22:44:07
LN-10060,128509.35,CURRENT,0,2026-07-10,Delta Servicing Co.,2026-08-26 12:44:07
LN-10061,298567.07,CURRENT,0,2026-08-17,Beacon Servicing Group,2026-08-26 02:44:07
LN-10062,0.0,PAID_OFF,0,2026-08-06,Apex Mortgage Servicing,2026-08-26 00:44:07
LN-10063,323901.5,DELINQUENT_30,30,2026-07-30,Citadel Loan Partners,2026-08-26 13:44:07
LN-10064,240753.33,CURRENT,0,2026-08-12,Evergreen Capital Servicing,2026-08-26 02:44:07
LN-10065,328358.12,CURRENT,0,2026-07-12,Citadel Loan Partners,2026-08-26 14:44:07
LN-10066,488213.83,DELINQUENT_120,120,2026-08-21,Citadel Loan Partners,2026-08-26 12:44:07
LN-10067,449303.14,CURRENT,0,2026-08-02,Apex Mortgage Servicing,2026-08-26 04:44:07
LN-10068,95757.43,CURRENT,0,2026-08-05,Beacon Servicing Group,2026-08-26 14:44:07
LN-10069,0,PAID_OFF,0,2026-08-14,Evergreen Capital Servicing,2026-08-25 19:44:07
LN-10070,388490.88,CURRENT,0,2026-07-12,Apex Mortgage Servicing,2026-08-25 20:44:07
LN-10071,76590.99,CURRENT,0,2026-07-26,Evergreen Capital Servicing,2026-08-26 08:44:07
LN-10072,464532.06,CURRENT,0,2026-08-15,Citadel Loan Partners,2026-08-25 18:44:07
LN-10073,78845.24,CURRENT,0,2026-07-02,Beacon Servicing Group,2026-08-26 12:44:07
LN-10074,306410.0,CURRENT,0,2026-07-18,Beacon Servicing Group,2026-08-26 11:44:07
LN-10076,225208.85,CURRENT,0,2026-07-22,Apex Mortgage Servicing,2026-08-25 21:44:07
LN-10077,634785.6,CURRENT,0,2026-07-28,Citadel Loan Partners,2026-08-26 06:44:07
LN-10078,433662.09,CURRENT,0,2026-07-27,Delta Servicing Co.,2026-08-26 14:44:07
LN-10079,422253.57,CURRENT,0,2026-07-01,Citadel Loan Partners,2026-08-25 18:44:07
LN-10040,369830.61,CURRENT,0,2026-08-08,Evergreen Capital Servicing,2026-08-26 08:44:07
LN-10081,527113.05,CURRENT,0,2026-07-14,Apex Mortgage Servicing,2026-08-26 05:44:07
LN-10082,456192.28,CURRENT,0,2026-08-16,Apex Mortgage Servicing,2026-08-26 12:44:07
LN-10083,236813.25,CURRENT,0,2026-07-09,Apex Mortgage Servicing,2026-08-25 23:44:07
LN-10084,310131.69,DELINQUENT_120,120,2026-07-10,Evergreen Capital Servicing,2026-08-26 07:44:07
LN-10085,77608.92,DELINQUENT_120,120,2026-08-10,Delta Servicing Co.,2026-08-26 15:44:07
LN-10086,263451.31,CURRENT,0,2026-07-16,Citadel Loan Partners,2026-08-26 00:44:07
LN-10087,311464.68,DELINQUENT_30,30,2026-07-25,Beacon Servicing Group,2026-08-25 22:44:07
LN-10088,454283.03,CURRENT,0,2026-07-30,Citadel Loan Partners,2026-08-26 05:44:07
LN-10089,203802.13,CURRENT,0,2026-07-09,Delta Servicing Co.,2026-08-26 16:44:07
LN-10090,144166.12,CURRENT,0,2026-08-19,Delta Servicing Co.,2026-08-26 16:44:07
LN-10091,426157.74,CURRENT,0,2026-08-01,Beacon Servicing Group,2026-08-26 15:44:07
LN-10092,84415.74,CURRENT,0,2026-07-19,Delta Servicing Co.,2026-08-26 04:44:07
LN-10093,564020.31,CURRENT,0,2026-08-03,Delta Servicing Co.,2026-08-25 18:44:07
LN-10094,412354.88,CURRENT,0,2026-06-30,Citadel Loan Partners,2026-08-26 03:44:07
LN-10095,285199.17,CURRENT,0,2026-08-03,Apex Mortgage Servicing,2026-08-26 15:44:07
LN-10096,300670.73,CURRENT,0,2026-07-01,Evergreen Capital Servicing,2026-08-26 10:44:07
LN-10097,453763.7,CURRENT,0,2026-06-29,Delta Servicing Co.,2026-08-26 08:44:07
LN-10098,201833.22,DELINQUENT_120,120,2026-07-17,Citadel Loan Partners,2026-08-26 01:44:07
LN-10099,499196.79,CURRENT,0,2026-08-18,Delta Servicing Co.,2026-08-26 00:44:07
LN-10100,519305.5,DELINQUENT_30,30,2026-07-04,Beacon Servicing Group,2026-08-26 11:44:07
LN-10101,150724.23,CURRENT,0,2026-08-18,Apex Mortgage Servicing,2026-08-25 21:44:07
LN-10102,0.0,PAID_OFF,0,2026-08-06,Citadel Loan Partners,2026-08-25 17:44:07
LN-10103,66933.04,DELINQUENT_120,120,2026-07-12,Apex Mortgage Servicing,2026-08-26 08:44:07
LN-10104,277024.48,DELINQUENT_90,90,2026-06-29,Beacon Servicing Group,2026-08-26 14:44:07
LN-10105,573496.25,CURRENT,0,2026-08-02,Citadel Loan Partners,2026-08-25 20:44:07
LN-10106,54728.01,CURRENT,0,2026-07-05,Delta Servicing Co.,2026-08-26 00:44:07
LN-10107,439010.81,CURRENT,0,2026-08-03,Evergreen Capital Servicing,2026-08-25 18:44:07
LN-10108,203998.56,CURRENT,0,2026-07-25,Evergreen Capital Servicing,2026-08-26 02:44:07
LN-10109,257587.7,CURRENT,0,2026-07-29,Citadel Loan Partners,2026-08-26 12:44:07
LN-10110,324615.89,CURRENT,0,2026-08-06,Citadel Loan Partners,2026-08-26 14:44:07
LN-10111,241764.08,CURRENT,0,2026-07-24,Apex Mortgage Servicing,2026-08-25 23:44:07
LN-10112,537975.35,CURRENT,0,2026-07-02,Beacon Servicing Group,2026-08-26 05:44:07
LN-10113,523290.69,CURRENT,0,2026-08-16,Evergreen Capital Servicing,2026-08-26 14:44:07
LN-10114,309598.23,CURRENT,0,2026-08-13,Citadel Loan Partners,2026-08-26 05:44:07
LN-10115,259745.63,CURRENT,0,2026-07-19,Citadel Loan Partners,2026-08-25 20:44:07
LN-10116,614365.38,CURRENT,0,2026-07-10,Beacon Servicing Group,2026-08-26 15:44:07
LN-10117,589198.95,CURRENT,0,2026-07-12,Delta Servicing Co.,2026-08-25 22:44:07
LN-10118,435585.3,CURRENT,0,2026-08-12,Evergreen Capital Servicing,2026-08-26 16:44:07
LN-10119,448356.87,CURRENT,0,2026-07-28,Citadel Loan Partners,2026-08-26 02:44:07
LN-10120,208792.21,CURRENT,0,2026-08-16,Apex Mortgage Servicing,2026-08-26 13:44:07
LN-10121,427618.13,CURRENT,0,2026-07-06,Citadel Loan Partners,2026-08-25 19:44:07
LN-10122,63796.46,CURRENT,0,2026-07-09,Evergreen Capital Servicing,2026-08-26 11:44:07
LN-10123,188182.57,CURRENT,0,2026-07-07,Beacon Servicing Group,2026-08-25 17:44:07
LN-10124,365071.86,CURRENT,0,2026-07-20,Citadel Loan Partners,2026-08-25 17:44:07
LN-10125,345000.0,CURRENT,0,2026-07-16,Evergreen Capital Servicing,2026-08-26 02:44:07
LN-10126,358598.19,DELINQUENT_90,90,2026-08-12,Delta Servicing Co.,2026-08-25 22:44:07
LN-10127,375227.6,CURRENT,0,2026-07-19,Delta Servicing Co.,2026-08-26 15:44:07
LN-10128,320267.63,CURRENT,0,2026-08-07,Citadel Loan Partners,2026-08-26 14:44:07
LN-10129,306807.28,CURRENT,0,2026-06-30,Delta Servicing Co.,2026-08-25 22:44:07
LN-10130,662903.62,CURRENT,0,2026-07-08,Evergreen Capital Servicing,2026-08-26 16:44:07
LN-10131,397790.23,CURRENT,0,2026-07-09,Apex Mortgage Servicing,2026-08-26 01:44:07
LN-10132,325395.13,CURRENT,0,2026-07-11,Apex Mortgage Servicing,2026-08-25 18:44:07
LN-10133,604548.39,CURRENT,0,2026-08-19,Citadel Loan Partners,2026-08-25 20:44:07
LN-10134,266181.14,CURRENT,0,2026-07-11,Delta Servicing Co.,2026-08-26 00:44:07
LN-10135,453423.49,CURRENT,0,2026-08-10,Apex Mortgage Servicing,2026-08-26 07:44:07
LN-10136,201752.57,CURRENT,0,2026-07-10,Apex Mortgage Servicing,2026-08-26 06:44:07
LN-10137,332421.52,CURRENT,0,2026-07-22,Beacon Servicing Group,2026-08-26 09:44:07
LN-10138,341145.68,CURRENT,0,2026-07-16,Apex Mortgage Servicing,2026-08-26 12:44:07
LN-10139,404698.12,CURRENT,0,2026-07-01,Delta Servicing Co.,2026-08-26 00:44:07
LN-10140,343798.94,CURRENT,0,2026-07-25,Apex Mortgage Servicing,2026-08-25 22:44:07
LN-10141,408851.44,CURRENT,0,2026-06-27,Delta Servicing Co.,2026-08-26 10:44:07
LN-10142,390712.59,CURRENT,0,2026-06-29,Beacon Servicing Group,2026-08-26 03:44:07
LN-10143,443553.21,CURRENT,0,2026-08-19,Apex Mortgage Servicing,2026-08-25 21:44:07
LN-10144,72062.5,CURRENT,0,2026-08-13,Apex Mortgage Servicing,2026-08-26 01:44:07
LN-10145,202391.25,CURRENT,0,2026-07-17,Apex Mortgage Servicing,2026-08-26 03:44:07
LN-10146,68694.51,CURRENT,0,2026-07-22,Evergreen Capital Servicing,2026-08-26 14:44:07
LN-10147,386749.4,CURRENT,0,2026-07-24,Apex Mortgage Servicing,2026-08-25 17:44:07
LN-10148,156943.63,CURRENT,0,2026-08-08,Delta Servicing Co.,2026-08-26 12:44:07
LN-10149,126369.97,CURRENT,0,2026-07-28,Citadel Loan Partners,2026-08-26 10:44:07
LN-10151,320256.07,CURRENT,0,2026-08-05,Citadel Loan Partners,2026-08-25 23:44:07
LN-10152,539378.85,DELINQUENT_30,30,2026-07-04,Apex Mortgage Servicing,2026-08-25 17:44:07
LN-10153,87540.7,DELINQUENT_120,120,2026-08-20,Apex Mortgage Servicing,2026-08-26 15:44:07
LN-10154,283394.5,CURRENT,0,2026-06-30,Citadel Loan Partners,2026-08-26 15:44:07
LN-10155,569523.27,DELINQUENT_120,120,2026-07-17,Delta Servicing Co.,2026-08-25 23:44:07
LN-10156,70568.23,CURRENT,0,2026-07-22,Evergreen Capital Servicing,2026-08-26 04:44:07
LN-10157,187143.48,CURRENT,0,2026-08-17,Delta Servicing Co.,2026-08-26 11:44:07
LN-10158,458781.06,DELINQUENT_120,120,2026-06-29,Beacon Servicing Group,2026-08-26 07:44:07
LN-10159,333747.53,CURRENT,0,2026-08-16,Delta Servicing Co.,2026-08-25 17:44:07
LN-10160,96256.68,DELINQUENT_30,30,2026-07-24,Citadel Loan Partners,2026-08-26 08:44:07
LN-10161,143653.92,CURRENT,0,2026-06-27,Citadel Loan Partners,2026-08-26 09:44:07
LN-10162,414592.58,CURRENT,0,2026-07-21,Citadel Loan Partners,2026-08-26 12:44:07
LN-10163,269100.83,DELINQUENT_90,90,2026-07-27,Apex Mortgage Servicing,2026-08-26 15:44:07
LN-10164,188951.32,CURRENT,0,2026-08-10,Citadel Loan Partners,2026-08-26 08:44:07
LN-10165,301381.87,CURRENT,90,2026-07-18,Evergreen Capital Servicing,2026-08-26 03:44:07
LN-10166,621624.64,CURRENT,0,2026-07-07,Beacon Servicing Group,2026-08-26 03:44:07
LN-10167,312117.46,CURRENT,0,2026-07-12,Evergreen Capital Servicing,2026-08-25 22:44:07
LN-10168,215984.16,DELINQUENT_90,90,2026-07-20,Beacon Servicing Group,2026-08-25 18:44:07
LN-10169,220076.32,DELINQUENT_120,120,2026-08-14,Apex Mortgage Servicing,2026-08-26 07:44:07
LN-10170,459789.83,CURRENT,0,2026-08-20,Apex Mortgage Servicing,2026-08-26 00:44:07
LN-10171,311205.84,CURRENT,0,2026-08-20,Delta Servicing Co.,2026-08-26 07:44:07
LN-10172,226606.45,CURRENT,0,2026-08-14,Delta Servicing Co.,2026-08-26 06:44:07
LN-10173,344379.05,CURRENT,0,2026-08-01,Beacon Servicing Group,2026-08-26 04:44:07
LN-10174,280346.11,CURRENT,0,2026-07-17,Beacon Servicing Group,2026-08-25 20:44:07
LN-10175,214043.6,CURRENT,0,2026-07-11,Evergreen Capital Servicing,2026-08-26 07:44:07
LN-10176,496914.4,CURRENT,0,2026-07-16,Delta Servicing Co.,2026-08-26 12:44:07
LN-10177,88194.8,CURRENT,0,2026-08-02,Beacon Servicing Group,2026-08-26 06:44:07
LN-10178,495083.56,CURRENT,0,2026-07-02,Beacon Servicing Group,2026-08-26 02:44:07
LN-10179,313186.23,CURRENT,0,2026-08-13,Apex Mortgage Servicing,2026-08-26 08:44:07
LN-10180,488823.69,CURRENT,0,2026-07-28,Delta Servicing Co.,2026-08-26 04:44:07
LN-10181,406343.12,CURRENT,0,2026-06-28,Citadel Loan Partners,2026-08-25 21:44:07
LN-10182,307205.23,CURRENT,0,2026-08-19,Apex Mortgage Servicing,2026-08-26 14:44:07
LN-10183,517390.76,CURRENT,0,2026-07-11,Apex Mortgage Servicing,2026-08-26 04:44:07
LN-10184,608978.1,DELINQUENT_120,120,2026-08-13,Apex Mortgage Servicing,2026-08-25 22:44:07
LN-10185,39920.17,CURRENT,0,2026-08-15,Apex Mortgage Servicing,2026-08-26 16:44:07
LN-10186,405949.2,DELINQUENT_60,60,2026-07-30,Delta Servicing Co.,2026-08-25 23:44:07
LN-10187,314337.63,CURRENT,0,2026-08-06,Beacon Servicing Group,2026-08-26 06:44:07
LN-10188,346555.0,CURRENT,0,2026-08-03,Delta Servicing Co.,2026-08-26 01:44:07
LN-10189,99932.27,CURRENT,0,2026-07-29,Delta Servicing Co.,2026-08-26 07:44:07
LN-10190,435870.41,CURRENT,0,2026-08-16,Delta Servicing Co.,2026-08-25 19:44:07
LN-10191,205525.33,CURRENT,0,2026-08-02,Apex Mortgage Servicing,2026-08-26 13:44:07
LN-10192,88050.83,DELINQUENT_60,60,2026-08-11,Apex Mortgage Servicing,2026-08-26 13:44:07
LN-10193,537688.31,CURRENT,0,2026-08-05,Apex Mortgage Servicing,2026-08-26 13:44:07
LN-10194,234158.45,CURRENT,0,2026-08-21,Evergreen Capital Servicing,2026-08-26 00:44:07
LN-10195,191379.9,CURRENT,0,2026-08-04,Citadel Loan Partners,2026-08-26 13:44:07
LN-10196,485650.79,CURRENT,0,2026-08-01,Citadel Loan Partners,2026-08-25 19:44:07
LN-10197,142510.46,CURRENT,0,2026-07-06,Beacon Servicing Group,2026-08-26 06:44:07
LN-10198,292689.87,CURRENT,0,2026-08-08,Apex Mortgage Servicing,2026-08-25 18:44:07
LN-10199,55253.76,CURRENT,0,2026-07-15,Apex Mortgage Servicing,2026-08-25 19:44:07
LN-10200,205868.97,DELINQUENT_30,30,2026-07-08,Delta Servicing Co.,2026-08-26 04:44:07
LN-10201,89060.36,CURRENT,0,2026-07-18,Apex Mortgage Servicing,2026-08-25 18:44:07
LN-10202,213846.16,CURRENT,0,2026-07-07,Apex Mortgage Servicing,2026-08-25 20:44:07
LN-10203,449259.77,CURRENT,0,2026-08-14,Beacon Servicing Group,2026-08-25 18:44:07
LN-10204,513610.65,DELINQUENT_30,30,2026-07-11,Beacon Servicing Group,2026-08-26 09:44:07
LN-10205,63003.36,CURRENT,0,2026-08-08,Citadel Loan Partners,2026-08-26 08:44:07
LN-10206,113230.52,CURRENT,0,2026-08-13,Delta Servicing Co.,2026-08-26 14:44:07
LN-10207,566645.71,CURRENT,0,2026-07-28,Citadel Loan Partners,2026-08-26 16:44:07
LN-10208,129405.85,CURRENT,0,2026-08-06,Apex Mortgage Servicing,2026-08-25 19:44:07
LN-10209,417892.79,CURRENT,0,2026-07-15,Citadel Loan Partners,2026-08-26 02:44:07
LN-10210,109821.15,DELINQUENT_30,30,2026-07-14,Beacon Servicing Group,2026-08-25 22:44:07
LN-10211,207442.05,CURRENT,0,2026-07-03,Beacon Servicing Group,2026-08-26 15:44:07
LN-10212,389287.23,CURRENT,0,2026-07-11,Delta Servicing Co.,2026-08-26 03:44:07
LN-10213,472316.29,CURRENT,0,2026-07-27,Evergreen Capital Servicing,2026-08-25 18:44:07
LN-10214,424730.86,CURRENT,0,2026-08-11,Citadel Loan Partners,2026-08-26 14:44:07
LN-10215,203284.88,CURRENT,0,2026-07-26,Beacon Servicing Group,2026-08-26 06:44:07
LN-10216,0.0,PAID_OFF,0,2026-08-01,Apex Mortgage Servicing,2026-08-25 17:44:07
LN-10217,600154.79,CURRENT,0,2026-07-25,Evergreen Capital Servicing,2026-08-26 05:44:07
LN-10218,590606.14,CURRENT,0,2026-07-17,Evergreen Capital Servicing,2026-08-25 20:44:07
LN-10219,295845.33,CURRENT,0,2026-07-22,Apex Mortgage Servicing,2026-08-25 22:44:07
LN-10220,579855.07,CURRENT,0,2026-07-23,Delta Servicing Co.,2026-08-25 20:44:07
LN-10221,110025.41,CURRENT,0,2026-06-30,Delta Servicing Co.,2026-08-26 06:44:07
LN-10222,527922.29,CURRENT,0,2026-07-09,Evergreen Capital Servicing,2026-08-26 07:44:07
LN-10223,635981.34,CURRENT,0,2026-06-29,Beacon Servicing Group,2026-08-26 01:44:07
LN-10224,0,PAID_OFF,0,2026-07-15,Evergreen Capital Servicing,2026-08-26 02:44:07
LN-10225,114416.72,CURRENT,0,2026-08-05,Delta Servicing Co.,2026-08-26 12:44:07
LN-10226,218426.31,CURRENT,0,2026-08-04,Delta Servicing Co.,2026-08-25 23:44:07
LN-10227,190710.36,CURRENT,0,2026-07-14,Delta Servicing Co.,2026-08-26 05:44:07
LN-10228,556686.25,DELINQUENT_120,120,2026-07-03,Beacon Servicing Group,2026-08-25 22:44:07
LN-10229,582942.67,CURRENT,0,2026-07-27,Evergreen Capital Servicing,2026-08-25 20:44:07
LN-10230,310464.26,CURRENT,0,2026-08-03,Apex Mortgage Servicing,2026-08-26 09:44:07
LN-10231,275880.99,CURRENT,0,2026-07-22,Apex Mortgage Servicing,2026-08-26 14:44:07
LN-10232,294146.63,CURRENT,0,2026-07-09,Citadel Loan Partners,2026-08-26 04:44:07
LN-10233,33096.99,CURRENT,0,2026-08-04,Citadel Loan Partners,2026-08-25 19:44:07
LN-10234,349293.26,CURRENT,0,2026-07-06,Beacon Servicing Group,2026-08-26 07:44:07
LN-10235,279234.32,CURRENT,0,2026-07-10,Delta Servicing Co.,2026-08-26 16:44:07
LN-10236,385101.96,CURRENT,0,2026-08-07,Apex Mortgage Servicing,2026-08-25 22:44:07
LN-10237,549988.59,CURRENT,0,2026-08-09,Delta Servicing Co.,2026-08-26 08:44:07
LN-10238,218836.71,CURRENT,0,2026-07-21,Apex Mortgage Servicing,2026-08-26 15:44:07
LN-10239,45531.87,CURRENT,0,2026-07-27,Delta Servicing Co.,2026-08-26 03:44:07
LN-10240,293275.69,CURRENT,0,2026-08-02,Citadel Loan Partners,2026-08-25 21:44:07
LN-10241,245027.6,CURRENT,0,2026-07-31,Beacon Servicing Group,2026-08-26 07:44:07
LN-10242,455105.14,CURRENT,0,2026-07-28,Apex Mortgage Servicing,2026-08-25 23:44:07
LN-10243,434641.42,CURRENT,0,2026-07-08,Delta Servicing Co.,2026-08-25 21:44:07
LN-10244,368519.82,CURRENT,0,2026-07-02,Apex Mortgage Servicing,2026-08-26 09:44:07
LN-10245,54200.0,PAID_OFF,0,2026-07-31,Delta Servicing Co.,2026-08-26 06:44:07
LN-10246,450382.1,CURRENT,0,2026-08-03,Delta Servicing Co.,2026-08-25 21:44:07
LN-10247,161298.13,CURRENT,0,2026-06-28,Apex Mortgage Servicing,2026-08-25 23:44:07
LN-10248,261015.91,CURRENT,0,2026-06-29,Citadel Loan Partners,2026-08-26 09:44:07
LN-10249,553392.88,CURRENT,0,2026-08-10,Delta Servicing Co.,2026-08-25 19:44:07
LN-10250,419752.94,CURRENT,0,2026-08-21,Citadel Loan Partners,2026-08-26 12:44:07
LN-10251,219108.92,CURRENT,0,2026-06-29,Beacon Servicing Group,2026-08-26 04:44:07
LN-10252,543424.53,CURRENT,0,2026-07-20,Apex Mortgage Servicing,2026-08-26 15:44:07
LN-10253,169308.47,DELINQUENT_120,120,2026-08-15,Apex Mortgage Servicing,2026-08-26 01:44:07
LN-10254,46018.41,CURRENT,0,2026-07-29,Citadel Loan Partners,2026-08-25 22:44:07
LN-10255,433681.73,DELINQUENT_90,90,2026-07-17,Citadel Loan Partners,2026-08-26 16:44:07
LN-10256,148556.87,CURRENT,0,2026-08-08,Delta Servicing Co.,2026-08-26 03:44:07
LN-10257,212812.31,CURRENT,0,2026-08-21,Delta Servicing Co.,2026-08-25 23:44:07
LN-10258,287065.99,CURRENT,0,2026-07-20,Citadel Loan Partners,2026-08-25 23:44:07
LN-10259,442192.03,CURRENT,0,2026-07-07,Citadel Loan Partners,2026-08-26 02:44:07
LN-10260,-4250.0,CURRENT,0,2026-07-22,Evergreen Capital Servicing,2026-08-26 15:44:07
LN-10261,515654.39,CURRENT,0,2026-08-09,Apex Mortgage Servicing,2026-08-26 09:44:07
LN-10262,141563.88,DELINQUENT_60,60,2026-07-28,Evergreen Capital Servicing,2026-08-26 00:44:07
LN-10263,67671.88,CURRENT,0,2026-06-29,Delta Servicing Co.,2026-08-25 19:44:07
LN-10264,130572.23,CURRENT,0,2026-07-25,Apex Mortgage Servicing,2026-08-26 10:44:07
LN-10265,394901.11,CURRENT,0,2026-06-29,Evergreen Capital Servicing,2026-08-25 22:44:07
LN-10266,203122.53,CURRENT,0,2026-08-16,Delta Servicing Co.,2026-08-26 07:44:07
LN-10267,238709.5,DELINQUENT_90,90,2026-08-06,Delta Servicing Co.,2026-08-26 05:44:07
LN-10268,547037.19,DELINQUENT_90,90,2026-07-01,Evergreen Capital Servicing,2026-08-26 16:44:07
LN-10269,598270.37,CURRENT,0,2026-06-27,Beacon Servicing Group,2026-08-26 01:44:07
LN-10270,0.0,PAID_OFF,0,2026-08-18,Apex Mortgage Servicing,2026-08-26 11:44:07
LN-10271,394555.96,CURRENT,0,2026-07-11,Apex Mortgage Servicing,2026-08-26 16:44:07
LN-10272,63026.36,CURRENT,0,2026-06-30,Delta Servicing Co.,2026-08-25 20:44:07
LN-10273,0.0,PAID_OFF,0,2026-08-12,Evergreen Capital Servicing,2026-08-26 16:44:07
LN-10274,246269.04,CURRENT,0,2026-06-29,Evergreen Capital Servicing,2026-08-26 10:44:07
LN-10275,397389.3,CURRENT,0,2026-07-06,Beacon Servicing Group,2026-08-26 06:44:07
LN-10276,451234.22,CURRENT,0,2026-08-12,Evergreen Capital Servicing,2026-08-26 04:44:07
LN-10277,331732.83,CURRENT,0,2026-07-23,Delta Servicing Co.,2026-08-26 13:44:07
LN-10278,91363.57,CURRENT,0,2026-08-20,Apex Mortgage Servicing,2026-08-26 08:44:07
LN-10279,518060.64,CURRENT,0,2026-08-13,Citadel Loan Partners,2026-08-26 15:44:07
LN-10280,288341.02,CURRENT,0,2026-07-10,Evergreen Capital Servicing,2026-08-25 19:44:07
LN-10281,506588.07,CURRENT,0,2026-08-19,Apex Mortgage Servicing,2026-08-25 18:44:07
LN-10282,273718.05,CURRENT,0,2026-07-19,Apex Mortgage Servicing,2026-08-26 09:44:07
LN-10283,191969.06,CURRENT,0,2026-07-11,Evergreen Capital Servicing,2026-08-26 07:44:07
LN-10284,212168.7,CURRENT,0,2026-08-11,Evergreen Capital Servicing,2026-08-26 13:44:07
LN-10285,102768.17,CURRENT,0,2026-07-27,Evergreen Capital Servicing,2026-08-25 17:44:07
LN-10286,436644.21,CURRENT,0,2026-07-02,Beacon Servicing Group,2026-08-25 22:44:07
LN-10287,0,PAID_OFF,0,2026-06-27,Evergreen Capital Servicing,2026-08-26 03:44:07
LN-10288,110516.11,CURRENT,0,2026-06-30,Evergreen Capital Servicing,2026-08-26 15:44:07
LN-10289,467522.26,CURRENT,0,2026-06-28,Beacon Servicing Group,2026-08-26 16:44:07
LN-10290,127948.08,CURRENT,0,2026-07-26,Citadel Loan Partners,2026-08-25 23:44:07
LN-10291,394723.44,CURRENT,0,2026-07-22,Evergreen Capital Servicing,2026-08-26 03:44:07
LN-10292,191829.39,CURRENT,0,2026-08-15,Beacon Servicing Group,2026-08-26 09:44:07
LN-10293,306557.79,CURRENT,0,2026-08-17,Apex Mortgage Servicing,2026-08-26 13:44:07
LN-10294,61476.56,CURRENT,0,2026-06-28,Beacon Servicing Group,2026-08-26 04:44:07
LN-10295,461837.48,CURRENT,0,2026-08-04,Apex Mortgage Servicing,2026-08-26 12:44:07
LN-10296,179683.36,CURRENT,0,2026-08-07,Citadel Loan Partners,2026-08-26 16:44:07
LN-10297,47330.64,CURRENT,0,2026-07-18,Citadel Loan Partners,2026-08-25 19:44:07
LN-10298,336031.32,DELINQUENT_30,30,2026-07-12,Delta Servicing Co.,2026-08-26 02:44:07
LN-10299,226596.62,CURRENT,0,2026-07-17,Apex Mortgage Servicing,2026-08-25 22:44:07
LN-10300,491771.72,DELINQUENT_30,30,2026-08-07,Beacon Servicing Group,2026-08-25 23:44:07
LN-10301,78292.4,CURRENT,0,2026-07-13,Citadel Loan Partners,2026-08-25 23:44:07
LN-10302,465172.84,CURRENT,0,2026-08-19,Evergreen Capital Servicing,2026-08-25 22:44:07
LN-10303,104833.38,CURRENT,0,2026-07-13,Citadel Loan Partners,2026-08-26 14:44:07
LN-10304,146614.67,CURRENT,0,2026-08-04,Delta Servicing Co.,2026-08-25 17:44:07
LN-10305,192156.57,CURRENT,0,2026-07-22,Beacon Servicing Group,2026-08-26 03:44:07
LN-10306,487507.32,CURRENT,0,2026-08-15,Delta Servicing Co.,2026-08-26 04:44:07
LN-10307,148801.88,CURRENT,0,2026-07-30,Citadel Loan Partners,2026-08-26 09:44:07
LN-10308,387999.49,CURRENT,0,2026-08-16,Delta Servicing Co.,2026-08-26 11:44:07
LN-10309,464951.03,DELINQUENT_90,90,2026-08-01,Beacon Servicing Group,2026-08-25 18:44:07
LN-10310,220000.0,CURRENT,0,2026-07-06,Beacon Servicing Group,2026-08-26 05:44:07
LN-10311,300568.02,CURRENT,0,2026-08-05,Apex Mortgage Servicing,2026-08-26 11:44:07
LN-10312,0,PAID_OFF,0,2026-06-27,Citadel Loan Partners,2026-08-26 02:44:07
LN-10313,191181.18,CURRENT,0,2026-08-02,Evergreen Capital Servicing,2026-08-26 16:44:07
LN-10314,94910.88,CURRENT,0,2026-08-03,Citadel Loan Partners,2026-08-26 12:44:07
LN-10315,269511.75,CURRENT,0,2026-07-25,Evergreen Capital Servicing,2026-08-26 02:44:07
LN-10316,331473.16,CURRENT,0,2026-07-11,Citadel Loan Partners,2026-08-26 05:44:07
LN-10317,88345.92,CURRENT,0,2026-08-18,Beacon Servicing Group,2026-08-26 09:44:07
LN-10318,166829.65,CURRENT,0,2026-07-29,Delta Servicing Co.,2026-08-25 23:44:07
LN-10319,516358.21,CURRENT,0,2026-06-29,Delta Servicing Co.,2026-08-26 10:44:07
LN-10320,632492.0,CURRENT,0,2026-08-01,Citadel Loan Partners,2026-08-26 11:44:07
LN-10321,164301.29,CURRENT,0,2026-07-15,Citadel Loan Partners,2026-08-25 21:44:07
LN-10322,53654.09,CURRENT,0,2026-07-31,Evergreen Capital Servicing,2026-08-26 11:44:07
LN-10323,119393.68,CURRENT,0,2026-08-20,Beacon Servicing Group,2026-08-26 00:44:07
LN-10324,211096.54,CURRENT,0,2026-07-06,Citadel Loan Partners,2026-08-26 00:44:07
LN-10325,334364.4,CURRENT,0,2026-07-13,Apex Mortgage Servicing,2026-08-26 01:44:07
LN-10326,57687.77,CURRENT,0,2026-08-14,Citadel Loan Partners,2026-08-25 19:44:07
LN-10327,626966.31,CURRENT,0,2026-07-19,Delta Servicing Co.,2026-08-26 13:44:07
LN-10328,142899.39,CURRENT,0,2026-06-30,Delta Servicing Co.,2026-08-26 13:44:07
LN-10329,371085.02,CURRENT,0,2026-07-10,Evergreen Capital Servicing,2026-08-26 10:44:07
LN-10330,303580.91,CURRENT,0,2026-07-20,Delta Servicing Co.,2026-08-26 06:44:07
LN-10331,446087.8,CURRENT,0,2026-07-28,Beacon Servicing Group,2026-08-26 14:44:07
LN-10332,685733.82,CURRENT,0,2026-08-07,Citadel Loan Partners,2026-08-26 06:44:07
LN-10333,183889.51,CURRENT,0,2026-07-15,Citadel Loan Partners,2026-08-26 02:44:07
LN-10334,337377.48,CURRENT,0,2026-06-30,Evergreen Capital Servicing,2026-08-26 01:44:07
LN-10335,502807.06,CURRENT,0,2026-07-05,Beacon Servicing Group,2026-08-25 18:44:07
LN-10336,457727.78,CURRENT,0,2026-07-09,Apex Mortgage Servicing,2026-08-25 23:44:07
LN-10337,237758.95,CURRENT,0,2026-07-25,Evergreen Capital Servicing,2026-08-25 18:44:07
LN-10338,152286.67,DELINQUENT_120,120,2026-07-09,Citadel Loan Partners,2026-08-26 06:44:07
LN-10339,286916.09,CURRENT,0,2026-07-13,Delta Servicing Co.,2026-08-26 01:44:07
LN-10340,474341.09,CURRENT,0,2026-08-21,Citadel Loan Partners,2026-08-25 18:44:07
LN-10341,57804.96,CURRENT,0,2026-07-08,Beacon Servicing Group,2026-08-26 10:44:07
LN-10342,480066.78,CURRENT,0,2026-07-28,Apex Mortgage Servicing,2026-08-26 04:44:07
LN-10343,163244.15,CURRENT,0,2026-08-09,Beacon Servicing Group,2026-08-26 12:44:07
LN-10344,48813.32,CURRENT,0,2026-08-06,Citadel Loan Partners,2026-08-25 22:44:07
LN-10345,424556.21,CURRENT,0,2026-08-16,Beacon Servicing Group,2026-08-26 11:44:07
LN-10346,361155.71,CURRENT,0,2026-07-09,Evergreen Capital Servicing,2026-08-26 08:44:07
LN-10347,428924.14,DELINQUENT_30,30,2026-08-01,Beacon Servicing Group,2026-08-26 07:44:07
LN-10348,0.0,PAID_OFF,0,2026-07-13,Evergreen Capital Servicing,2026-08-25 19:44:07
LN-10349,198274.56,CURRENT,0,2026-06-28,Beacon Servicing Group,2026-08-26 00:44:07
LN-10350,147838.58,DELINQUENT_30,30,2026-06-27,Delta Servicing Co.,2026-08-26 12:44:07
LN-10351,180047.02,CURRENT,0,2026-07-19,Evergreen Capital Servicing,2026-08-26 01:44:07
LN-10352,237720.1,CURRENT,0,2026-08-09,Apex Mortgage Servicing,2026-08-26 15:44:07
LN-10353,496248.35,CURRENT,0,2026-08-14,Evergreen Capital Servicing,2026-08-26 10:44:07
LN-10354,268941.76,CURRENT,0,2026-07-07,Beacon Servicing Group,2026-08-25 23:44:07
LN-10355,454413.11,CURRENT,0,2026-07-31,Beacon Servicing Group,2026-08-26 09:44:07
LN-10356,548422.21,CURRENT,0,2026-07-13,Apex Mortgage Servicing,2026-08-26 12:44:07
LN-10357,265472.05,CURRENT,0,2026-08-21,Evergreen Capital Servicing,2026-08-26 14:44:07
LN-10358,291098.92,CURRENT,0,2026-08-02,Evergreen Capital Servicing,2026-08-26 01:44:07
LN-10359,666231.03,CURRENT,0,2026-08-19,Citadel Loan Partners,2026-08-25 20:44:07
LN-10360,292028.32,CURRENT,0,2026-07-19,Citadel Loan Partners,2026-08-26 12:44:07
LN-10361,436212.73,CURRENT,0,2026-07-25,Citadel Loan Partners,2026-08-26 00:44:07
LN-10362,616736.04,CURRENT,0,2026-07-07,Beacon Servicing Group,2026-08-26 14:44:07
LN-10363,251960.69,CURRENT,0,2026-08-21,Beacon Servicing Group,2026-08-26 05:44:07
LN-10364,82365.34,CURRENT,0,2026-06-29,Apex Mortgage Servicing,2026-08-25 18:44:07
LN-10365,327718.42,CURRENT,0,2026-07-23,Citadel Loan Partners,2026-08-26 16:44:07
LN-10366,468041.44,CURRENT,0,2026-07-31,Apex Mortgage Servicing,2026-08-25 17:44:07
LN-10367,239338.38,CURRENT,0,2026-07-29,Beacon Servicing Group,2026-08-26 16:44:07
LN-10368,141289.03,CURRENT,0,2026-08-09,Beacon Servicing Group,2026-08-25 20:44:07
LN-10369,190003.1,CURRENT,0,2026-08-21,Apex Mortgage Servicing,2026-08-26 15:44:07
LN-10370,614543.3,CURRENT,0,2026-07-18,Citadel Loan Partners,2026-08-25 18:44:07
LN-10371,145815.16,CURRENT,0,2026-07-07,Beacon Servicing Group,2026-08-26 09:44:07
LN-10372,170884.82,DELINQUENT_30,30,2026-07-25,Apex Mortgage Servicing,2026-08-26 12:44:07
LN-10373,178394.29,CURRENT,0,2026-08-15,Delta Servicing Co.,2026-08-26 01:44:07
LN-10374,641676.6,CURRENT,0,2026-07-21,Delta Servicing Co.,2026-08-26 12:44:07
LN-10375,251819.92,DELINQUENT_30,30,2026-07-17,Citadel Loan Partners,2026-08-26 13:44:07
LN-10376,266207.71,CURRENT,0,2026-07-25,Evergreen Capital Servicing,2026-08-25 18:44:07
LN-10377,154609.61,CURRENT,0,2026-06-30,Apex Mortgage Servicing,2026-08-26 12:44:07
LN-10378,332868.55,CURRENT,0,2026-07-04,Evergreen Capital Servicing,2026-08-26 03:44:07
LN-10379,311276.02,CURRENT,0,2026-07-25,Citadel Loan Partners,2026-08-26 15:44:07
LN-10380,301427.42,CURRENT,0,2026-06-27,Citadel Loan Partners,2026-08-26 04:44:07
LN-10381,273391.47,CURRENT,0,2026-06-29,Delta Servicing Co.,2026-08-25 19:44:07
LN-10382,468700.27,DELINQUENT_120,120,2026-07-02,Delta Servicing Co.,2026-08-26 15:44:07
LN-10383,295033.7,CURRENT,0,2026-07-07,Beacon Servicing Group,2026-08-25 21:44:07
LN-10384,186465.31,CURRENT,0,2026-07-23,Citadel Loan Partners,2026-08-26 02:44:07
LN-10385,161650.94,DELINQUENT_90,90,2026-07-03,Evergreen Capital Servicing,2026-08-26 05:44:07
LN-10386,262337.04,CURRENT,0,2026-08-05,Evergreen Capital Servicing,2026-08-25 22:44:07
LN-10387,431083.6,CURRENT,0,2026-08-05,Citadel Loan Partners,2026-08-25 23:44:07
LN-10388,158724.5,CURRENT,0,2026-08-10,Delta Servicing Co.,2026-08-26 14:44:07
LN-10389,94433.38,CURRENT,0,2026-07-06,Evergreen Capital Servicing,2026-08-25 20:44:07
LN-10390,135602.93,CURRENT,0,2026-08-21,Delta Servicing Co.,2026-08-25 21:44:07
LN-10391,513364.46,CURRENT,0,2026-07-11,Citadel Loan Partners,2026-08-25 19:44:07
LN-10392,156733.99,DELINQUENT_30,30,2026-08-21,Apex Mortgage Servicing,2026-08-25 19:44:07
LN-10393,316239.26,CURRENT,0,2026-07-14,Beacon Servicing Group,2026-08-26 14:44:07
LN-10394,387339.28,CURRENT,0,2026-07-12,Apex Mortgage Servicing,2026-08-26 04:44:07
LN-10395,352004.7,CURRENT,0,2026-06-30,Citadel Loan Partners,2026-08-26 15:44:07
LN-10396,647151.67,CURRENT,0,2026-07-24,Apex Mortgage Servicing,2026-08-26 11:44:07
LN-10397,387980.36,CURRENT,0,2026-07-16,Delta Servicing Co.,2026-08-26 00:44:07
LN-10398,231347.19,CURRENT,0,2026-08-14,Delta Servicing Co.,2026-08-26 16:44:07
LN-10399,243819.71,DELINQUENT_120,120,2026-07-11,Citadel Loan Partners,2026-08-25 17:44:07
LN-10400,281649.05,CURRENT,0,2026-08-20,Beacon Servicing Group,2026-08-26 08:44:07
